reddit_average_posts_48h,reddit_average_comments_48h,reddit_subscribers,reddit_accounts_active_48h
1.68,28.08,9349.0,263.115384615385
1.96,31.76,9362.0,266.576923076923
1.92,28.44,9374.0,254.5
1.52,22.84,9388.0,230.076923076923
1.52,26.64,9399.0,240.769230769231
1.28,19.56,9406.0,235.307692307692
1.455,22.091,9416.0,242.695652173913
2.136,34.636,9431.0,247.782608695652
1.792,28.458,9446.0,344.4
1.417,19.708,9457.0,1128.44
1.12,16.4,9473.0,972.730769230769
1.28,16.16,9480.0,225.269230769231
1.6,22.68,9491.0,234.0
1.208,21.667,9496.0,240.92
1.208,24.417,9535.0,244.96
1.417,27.208,9542.0,225.88
1.667,27.083,9550.0,211.52
1.292,20.458,9560.0,200.36
1.125,21.958,9578.0,242.52
1.292,25.083,9592.0,277.0
1.083,21.292,9602.0,242.84
0.708,14.375,9611.0,223.24
0.958,20.333,9617.0,231.88
1.217,25.304,9619.0,225.25
1.087,17.478,9639.0,227.125
1.478,20.304,9657.0,260.916666666667
1.652,20.783,9674.0,256.0
1.136,19.136,9685.0,228.826086956522
1.043,19.913,9694.0,210.75
0.783,15.391,9698.0,199.791666666667
0.565,11.87,9701.0,185.625
0.652,12.348,9705.0,197.791666666667
0.727,14.182,9711.0,208.565217391304
0.826,13.348,9708.0,204.583333333333
1.13,18.043,9715.0,221.333333333333
0.696,12.174,9726.0,215.166666666667
0.609,9.522,9733.0,188.291666666667
0.696,10.478,9740.0,164.041666666667
0.522,7.696,9757.0,149.916666666667
0.87,11.478,9771.0,177.25
1.174,18.739,9783.0,221.291666666667
0.87,14.957,9791.0,217.083333333333
0.913,13.261,9803.0,177.791666666667
1.545,18.409,9814.0,206.913043478261
2.182,20.545,9837.0,269.913043478261
1.696,17.478,9852.0,266.666666666667
2.304,28.435,9885.0,300.875
2.545,28.091,9910.0,341.086956521739
2.045,20.636,9921.0,298.217391304348
1.818,19.364,9943.0,286.478260869565
1.714,21.333,9958.0,321.227272727273
1.182,17.136,9970.0,295.130434782609
0.913,12.609,9977.0,226.333333333333
1.455,19.636,9984.0,255.869565217391
1.636,20.409,10004.0,279.04347826087
1.0,12.217,10012.0,227.833333333333
1.217,15.087,10023.0,214.875
1.348,17.13,10034.0,226.375
1.25,20.042,10042.0,209.92
1.333,21.958,10050.0,190.2
1.0,17.0,10056.0,214.96
1.16,24.56,10063.0,250.769230769231
1.208,25.375,10067.0,255.92
0.875,17.042,10076.0,244.8
1.458,21.25,10085.0,224.96
1.087,17.087,10094.0,201.375
0.792,13.167,10100.0,191.24
1.13,18.565,10117.0,221.5
1.08,18.84,10124.0,233.115384615385
1.042,15.917,10128.0,233.8
1.231,15.654,10138.0,223.444444444444
0.963,12.704,10140.0,203.0
0.875,13.917,10143.0,196.8
0.833,12.542,10152.0,193.12
0.958,10.583,10172.0,209.72
1.542,17.625,10213.0,274.12
1.6,18.64,10235.0,288.615384615385
1.042,14.75,10253.0,247.64
1.042,15.708,10264.0,246.56
1.0,18.0,10284.0,248.807692307692
0.958,14.917,10290.0,240.8
1.167,13.125,10298.0,241.36
1.0,13.708,10305.0,222.44
1.0,16.174,10315.0,206.875
1.042,19.75,10326.0,208.96
1.292,23.292,10328.0,203.28
1.0,15.375,10330.0,207.28
0.739,9.522,10328.0,207.125
0.833,10.333,10334.0,216.88
0.92,11.52,10342.0,219.038461538462
0.885,13.885,10355.0,200.62962962963
0.913,11.435,10360.0,196.708333333333
0.957,12.913,10366.0,210.583333333333
0.739,12.609,10373.0,201.958333333333
0.696,9.391,10382.0,186.5
0.667,9.75,10384.0,204.96
1.042,15.667,10389.0,210.68
1.0,15.333,10397.0,195.68
1.08,15.92,10408.0,189.115384615385
1.083,16.458,10418.0,180.92
0.739,11.913,10423.0,170.833333333333
0.75,9.042,10424.0,209.88
0.88,13.56,10433.0,220.115384615385
1.24,23.52,10446.0,197.115384615385
1.167,26.583,10452.0,194.88
1.25,25.417,10454.0,185.2
1.083,19.375,10455.0,169.88
0.522,9.304,10454.0,127.958333333333
0.25,6.625,10452.0,114.12
1.13,23.609,10456.0,130.125
1.217,24.304,10456.0,134.25
1.208,23.875,10456.0,143.84
1.708,26.75,10464.0,149.64
1.28,17.76,10468.0,144.692307692308
1.043,13.348,10480.0,139.041666666667
1.043,9.87,10480.0,131.375
1.042,13.292,10479.0,133.64
0.958,12.417,10482.0,153.16
1.043,14.174,10489.0,175.208333333333
1.455,31.045,10498.0,184.130434782609
1.52,32.52,10503.0,199.115384615385
1.08,24.36,10507.0,210.038461538462
0.667,14.792,10509.0,200.88
0.792,13.458,10513.0,198.08
1.417,30.083,10523.0,219.16
1.409,31.273,10535.0,229.782608695652
1.364,30.091,10546.0,221.652173913043
1.208,29.417,10568.0,225.12
0.958,23.167,10572.0,221.48
0.478,10.217,10578.0,199.5
0.652,13.696,10585.0,185.916666666667
0.696,14.739,10587.0,181.75
1.0,16.522,10592.0,198.5
1.348,19.522,10592.0,221.25
0.957,13.696,10602.0,219.5
0.783,8.217,10611.0,193.458333333333
0.783,8.739,10615.0,181.125
1.0,10.267,10625.0,198.5
0.815,10.0,10640.0,205.428571428571
0.969,14.469,10648.0,203.212121212121
1.222,18.185,10652.0,198.464285714286
1.25,18.458,10660.0,185.12
0.792,10.875,10658.0,178.96
0.565,8.478,10659.0,172.333333333333
0.565,8.739,10669.0,169.416666666667
0.542,6.333,10671.0,167.84
0.333,4.917,10672.0,159.0
0.783,10.435,10680.0,160.208333333333
0.957,13.696,10696.0,181.166666666667
0.826,12.261,10701.0,204.833333333333
0.792,12.125,10707.0,210.36
0.958,17.083,10719.0,218.6
0.957,17.261,10726.0,211.958333333333
0.522,8.261,10734.0,187.583333333333
0.667,10.333,10737.0,182.84
0.957,14.783,10747.0,189.458333333333
0.478,8.522,10750.0,190.625
0.609,8.348,10758.0,184.541666666667
0.792,13.833,10765.0,190.72
0.875,15.917,10777.0,208.08
0.913,15.565,10780.0,207.291666666667
1.0,17.304,10786.0,201.375
0.87,14.087,10792.0,209.5
0.625,11.625,10801.0,204.68
0.783,12.565,10810.0,192.708333333333
0.783,9.957,10819.0,188.458333333333
0.739,13.348,10828.0,194.208333333333
0.957,14.304,10834.0,205.625
0.917,12.167,10845.0,210.8
0.913,15.826,10852.0,213.208333333333
0.727,14.909,10870.0,214.217391304348
0.458,10.25,10870.0,198.36
0.783,11.217,10879.0,183.666666666667
0.917,13.75,10884.0,187.88
1.083,14.042,10889.0,208.92
1.083,12.708,10898.0,233.68
0.75,8.583,10910.0,226.48
0.783,8.087,10919.0,205.708333333333
0.348,6.435,10925.0,211.875
0.625,7.792,10928.0,240.16
0.958,9.625,10945.0,247.76
0.739,8.826,10952.0,211.5
0.696,8.304,10955.0,188.791666666667
0.625,7.667,10961.0,186.48
0.583,6.25,10959.0,185.32
0.458,5.583,10962.0,183.64
0.435,5.217,10975.0,184.333333333333
0.391,5.652,10980.0,189.541666666667
0.261,4.348,10982.0,191.208333333333
0.583,5.708,10993.0,197.04
0.667,9.708,10993.0,193.88
0.5,9.667,10997.0,185.8
0.435,7.783,11000.0,199.416666666667
0.739,9.652,11004.0,219.916666666667
0.739,10.87,11013.0,228.708333333333
0.667,8.833,11016.0,224.32
0.667,7.125,11021.0,210.76
0.792,9.042,11023.0,194.84
1.0,10.957,11024.0,196.25
0.5,6.458,11029.0,196.32
0.542,7.083,11032.0,195.92
0.739,8.304,11038.0,222.25
0.609,6.261,11038.0,220.75
0.609,8.913,11048.0,218.291666666667
0.75,13.375,11066.0,234.48
0.478,7.696,11069.0,229.541666666667
0.261,2.522,11070.0,215.583333333333
0.435,5.565,11085.0,205.166666666667
0.565,11.522,11101.0,193.375
0.542,11.333,11106.0,179.48
0.792,12.5,11115.0,186.56
1.042,21.0,11119.0,214.2
0.958,16.833,11120.0,240.16
0.667,11.0,11124.0,241.24
0.727,15.818,11127.0,236.695652173913
1.045,15.545,11136.0,224.04347826087
0.913,11.478,11141.0,225.0
1.043,11.043,11150.0,220.041666666667
0.957,11.739,11155.0,207.208333333333
0.5,7.045,11161.0,207.782608695652
0.409,5.955,11166.0,200.0
0.913,8.174,11175.0,203.875
1.13,10.913,11182.0,209.791666666667
0.609,9.174,11186.0,218.666666666667
0.5,7.5,11189.0,230.04
0.625,7.542,11193.0,231.04
0.478,5.652,11195.0,217.166666666667
0.391,4.913,11202.0,188.291666666667
0.609,8.478,11208.0,168.291666666667
0.826,9.826,11227.0,173.0
1.042,13.792,11246.0,189.64
1.696,21.217,11266.0,205.916666666667
1.696,22.043,11293.0,217.375
1.083,16.083,11306.0,213.76
0.696,8.87,11314.0,190.875
0.565,6.13,11317.0,183.625
0.667,6.143,11323.0,179.090909090909
0.944,10.611,11326.0,163.210526315789
0.455,6.182,11337.0,156.695652173913
1.208,16.417,11351.0,183.88
1.348,19.913,11364.0,196.333333333333
0.952,13.714,11394.0,196.363636363636
1.1,15.35,11420.0,204.666666666667
1.0,12.591,11431.0,189.0
0.913,12.217,11448.0,183.291666666667
0.76,10.04,11472.0,172.076923076923
0.667,6.0,11524.0,157.64
0.739,9.478,11571.0,159.375
0.652,10.609,11605.0,154.625
0.783,11.0,11642.0,156.75
0.917,16.417,11675.0,160.68
1.0,18.957,11707.0,154.916666666667
1.042,15.542,11730.0,165.04
1.0,14.348,11778.0,164.541666666667
0.435,7.957,11797.0,142.541666666667
0.087,2.261,11823.0,144.333333333333
0.652,8.261,11869.0,159.666666666667
1.125,13.583,11916.0,168.6
0.667,8.458,11957.0,182.64
0.739,8.522,12001.0,191.625
1.174,13.261,12049.0,184.583333333333
0.739,7.957,12093.0,169.666666666667
0.375,4.75,12132.0,162.96
0.708,8.542,12166.0,160.12
1.25,14.0,12198.0,167.92
1.304,14.478,12235.0,182.625
0.913,11.304,12265.0,168.875
0.739,10.783,12312.0,167.583333333333
0.783,10.391,12343.0,177.125
0.667,12.208,12361.0,164.32
0.708,15.125,12391.0,154.08
0.792,13.667,12411.0,150.84
0.833,14.417,12451.0,154.56
0.917,14.875,12473.0,159.56
0.833,9.583,12509.0,160.44
0.652,8.043,12544.0,157.5
0.609,7.609,12577.0,147.166666666667
0.667,8.792,12609.0,150.44
1.0,12.417,12645.0,163.44
1.0,12.957,12686.0,168.958333333333
0.875,13.458,12706.0,167.12
1.083,15.875,12735.0,169.48
0.826,15.565,12761.0,174.166666666667
0.5,9.542,12790.0,161.12
0.708,9.792,12814.0,157.92
1.0,20.391,12849.0,170.25
1.0,18.333,12893.0,186.44
1.043,13.478,12923.0,191.583333333333
1.143,15.667,12959.0,188.0
0.739,12.783,12993.0,191.833333333333
0.667,10.042,13026.0,199.04
0.652,8.13,13079.0,199.125
1.045,13.182,13136.0,192.478260869565
0.955,13.727,13167.0,177.130434782609
0.75,10.708,13214.0,166.52
1.083,13.708,13262.0,176.2
0.826,12.261,13317.0,168.458333333333
0.583,7.917,13387.0,153.68
0.708,8.042,13429.0,170.56
1.087,16.043,13495.0,194.416666666667
1.217,19.0,13548.0,207.125
1.217,14.739,13574.0,288.083333333333
1.417,16.292,13615.0,425.48
0.917,11.125,13635.0,362.0
0.391,5.391,13653.0,187.875
0.583,8.917,13689.0,182.2
0.957,12.739,13723.0,183.916666666667
1.087,15.478,13762.0,236.583333333333
1.042,15.208,13788.0,454.8
0.833,10.0,13814.0,525.8
0.826,13.435,13829.0,531.708333333333
0.609,13.609,13856.0,444.208333333333
0.625,9.5,13876.0,241.8
0.739,14.957,13888.0,370.875
0.957,21.652,13903.0,454.541666666667
1.083,22.542,13938.0,574.6
0.833,17.375,13963.0,714.32
0.583,14.375,13990.0,711.28
0.826,17.0,14004.0,719.916666666667
1.087,22.565,14050.0,576.041666666667
1.174,23.739,14082.0,574.833333333333
1.227,22.773,14121.0,741.086956521739
1.273,29.909,14157.0,737.608695652174
1.375,31.0,14195.0,721.72
1.25,36.292,14210.0,714.0
0.783,28.522,14247.0,720.375
0.826,11.217,14299.0,683.166666666667
1.0,17.913,14351.0,664.625
1.435,26.478,14401.0,647.875
1.391,27.304,14446.0,570.333333333333
1.25,24.792,14491.0,526.24
1.125,18.0,14520.0,524.12
0.667,11.417,14544.0,533.0
0.609,10.13,14575.0,518.333333333333
0.652,10.217,14598.0,506.541666666667
1.0,17.292,14670.0,474.48
1.333,23.875,14734.0,400.92
1.609,29.826,14764.0,402.0
1.364,26.864,14794.0,475.130434782609
0.957,15.13,14828.0,506.458333333333
0.75,10.292,14851.0,433.8
1.083,15.958,14890.0,324.92
1.391,18.13,14921.0,232.958333333333
1.217,12.783,14955.0,196.875
0.75,7.0,14969.0,182.08
0.708,11.0,14990.0,169.6
0.696,8.348,15007.0,166.125
0.542,9.125,15045.0,168.84
0.565,8.652,15064.0,175.041666666667
0.478,7.87,15099.0,180.583333333333
0.652,14.261,15120.0,175.833333333333
0.875,12.875,15141.0,163.08
0.958,10.917,15151.0,156.36
0.478,6.696,15185.0,154.666666666667
0.708,7.042,15210.0,164.56
0.792,10.292,15242.0,167.12
0.565,8.609,15261.0,161.458333333333
0.652,8.304,15285.0,164.083333333333
0.667,9.667,15304.0,168.68
0.565,7.957,15316.0,165.791666666667
0.478,5.348,15333.0,163.416666666667
0.542,13.0,15353.0,166.28
0.708,18.292,15382.0,186.12
1.217,19.261,15414.0,224.541666666667
1.261,17.217,15430.0,234.416666666667
1.292,20.708,15466.0,234.48
1.208,18.042,15495.0,224.6
0.565,7.609,15576.0,195.708333333333
0.625,10.042,15603.0,201.2
1.0,14.261,15635.0,208.583333333333
0.783,13.043,15669.0,208.5
0.75,11.125,15703.0,222.44
0.958,15.75,15745.0,227.4
1.042,16.875,15775.0,216.08
0.583,8.75,15792.0,200.0
0.609,8.826,15814.0,185.583333333333
0.783,9.043,15842.0,178.958333333333
0.5,6.958,15870.0,176.32
0.652,11.478,15891.0,175.25
0.739,9.522,15909.0,174.916666666667
0.522,5.087,15927.0,165.5
0.476,4.571,15952.0,158.272727272727
0.476,6.571,15973.0,165.227272727273
0.5,10.409,15995.0,181.217391304348
0.609,9.652,16012.0,176.0
0.652,9.13,16032.0,162.75
0.75,13.375,16049.0,158.76
0.542,9.292,16069.0,159.2
0.174,3.783,16085.0,152.708333333333
0.217,4.261,16103.0,149.291666666667
0.667,10.292,16126.0,166.92
1.042,13.292,16147.0,179.96
1.042,11.125,16176.0,173.28
0.917,9.625,16196.0,164.72
0.409,6.182,16208.0,149.478260869565
0.429,6.857,16224.0,140.181818181818
0.65,8.2,16235.0,145.285714285714
0.8,9.2,16252.0,179.380952380952
0.609,9.87,16275.0,178.333333333333
0.833,12.375,16294.0,165.64
0.652,8.391,16310.0,169.5
0.609,7.783,16316.0,155.541666666667
0.652,8.783,16325.0,148.0
0.522,3.913,16345.0,150.5
0.864,8.045,16357.0,167.652173913043
0.826,7.609,16380.0,165.083333333333
0.636,6.955,16399.0,172.695652173913
0.8,10.8,16420.0,188.809523809524
0.7,8.15,16436.0,159.0
0.25,3.05,16457.0,143.333333333333
0.5,4.8,16473.0,160.857142857143
0.818,9.227,16484.0,206.130434782609
0.739,9.174,16497.0,227.916666666667
0.652,11.043,16523.0,249.958333333333
0.609,9.739,16544.0,220.416666666667
0.478,6.043,16553.0,203.75
0.217,4.783,16562.0,191.541666666667
0.55,8.85,16581.0,193.380952380952
0.778,10.056,16604.0,196.789473684211
0.647,10.294,16622.0,180.166666666667
1.0,12.111,16639.0,168.473684210526
0.824,11.706,16647.0,165.444444444444
0.625,11.063,16659.0,149.705882352941
0.5,5.063,16668.0,176.294117647059
0.5,7.375,16683.0,202.941176470588
0.563,10.625,16700.0,185.235294117647
0.438,7.563,16711.0,165.411764705882
0.313,6.0,16729.0,145.0
0.625,5.75,16741.0,140.647058823529
0.412,4.412,16739.0,142.722222222222
0.118,1.824,16744.0,142.0
0.412,9.706,16756.0,148.5
0.647,12.765,16767.0,149.5
0.706,10.706,16779.0,161.833333333333
0.857,12.143,16797.0,178.266666666667
0.533,7.733,16809.0,214.0625
0.444,6.0,16824.0,204.157894736842
0.611,6.944,16832.0,219.263157894737
1.056,10.278,16851.0,195.368421052632
0.824,10.471,16862.0,174.333333333333
0.706,6.647,16873.0,197.666666666667
0.941,8.941,16886.0,199.611111111111
1.813,19.0,16895.0,186.882352941176
1.647,16.176,16904.0,213.611111111111
0.889,8.5,16914.0,200.263157894737
1.118,15.235,16926.0,173.944444444444
1.647,21.176,16942.0,191.277777777778
1.176,19.118,16960.0,238.722222222222
0.765,15.294,16979.0,286.166666666667
1.2,13.333,16986.0,324.375
1.133,13.267,16996.0,204.75
0.929,13.0,17006.0,161.266666666667
0.429,6.929,17032.0,155.6
0.429,7.071,17049.0,201.4
1.286,9.571,17069.0,223.666666666667
1.692,13.615,17081.0,194.857142857143
1.727,12.182,17096.0,195.75
1.0,7.071,17100.0,203.466666666667
0.467,5.067,17115.0,215.125
0.429,4.5,17132.0,198.6
0.533,4.733,17139.0,190.9375
1.333,9.8,17168.0,198.375
3.077,26.385,17251.0,287.785714285714
2.692,25.462,17307.0,334.571428571429
1.25,14.667,17331.0,278.615384615385
0.786,7.357,17368.0,236.8
0.667,6.667,17386.0,226.578947368421
0.733,8.067,17409.0,342.5
1.143,11.857,17431.0,357.133333333333
1.143,12.714,17468.0,298.133333333333
2.286,16.929,17515.0,255.333333333333
2.25,14.5,17533.0,253.153846153846
0.538,5.692,17560.0,229.928571428571
0.6,5.4,17579.0,226.5625
1.0,9.786,17626.0,286.666666666667
1.143,15.0,17660.0,287.6
1.833,20.917,17686.0,219.538461538462
2.0,19.75,17717.0,228.384615384615
2.727,23.545,17770.0,353.5
1.6,21.733,17820.0,474.5
1.059,13.765,17843.0,504.5
1.412,19.588,17895.0,428.611111111111
1.375,17.625,17974.0,341.529411764706
0.733,8.8,17997.0,320.3125
0.846,10.0,18041.0,325.357142857143
1.333,11.5,18127.0,193.0
0.571,6.5,18152.0,312.6
0.643,4.786,18178.0,387.533333333333
1.538,11.231,18206.0,302.928571428571
2.0,15.545,18231.0,270.416666666667
1.273,12.636,18254.0,343.833333333333
1.75,15.333,18270.0,459.230769230769
2.25,20.333,18302.0,604.384615384615
1.667,18.667,18359.0,609.307692307692
1.818,19.0,18405.0,561.5
2.455,30.545,18457.0,493.5
3.167,34.583,18503.0,365.307692307692
3.5,31.667,18558.0,451.230769230769
4.0,36.5,18630.0,517.384615384615
2.917,30.0,18683.0,349.0
1.727,21.0,18729.0,223.416666666667
1.545,14.727,18757.0,223.25
2.182,26.636,18810.0,379.166666666667
2.667,29.0,18844.0,471.846153846154
1.75,17.5,18887.0,326.461538461538
1.0,10.455,18914.0,200.916666666667
0.833,6.5,18937.0,183.923076923077
0.833,7.167,18955.0,199.846153846154
1.083,23.25,18979.0,382.846153846154
1.545,20.182,19013.0,526.75
0.909,16.455,19039.0,466.75
0.636,7.727,19057.0,388.5
0.917,22.75,19078.0,371.153846153846
0.667,8.667,19101.0,325.384615384615
0.727,8.182,19123.0,340.5
1.091,13.455,19151.0,390.666666666667
1.083,13.75,19177.0,371.230769230769
0.818,13.182,19204.0,879.5
0.667,11.833,19224.0,1143.23076923077
0.636,10.545,19250.0,744.0
0.455,5.727,19277.0,385.0
0.5,4.083,19305.0,847.692307692308
0.833,10.667,19332.0,1115.0
0.545,10.636,19371.0,594.333333333333
1.083,13.333,19393.0,509.692307692308
1.727,20.0,19432.0,657.333333333333
1.167,14.75,19448.0,519.846153846154
0.833,11.167,19478.0,338.769230769231
0.727,7.455,19486.0,494.666666666667
1.167,9.083,19505.0,534.0
1.727,14.545,19525.0,433.25
1.182,9.091,19544.0,280.416666666667
1.273,7.273,19557.0,200.916666666667
1.167,8.0,19580.0,284.307692307692
1.167,8.667,19609.0,250.846153846154
0.818,6.455,19639.0,321.583333333333
0.917,8.833,19672.0,365.384615384615
1.182,15.727,19711.0,327.75
1.727,17.0,19741.0,329.0
1.583,20.75,19770.0,306.461538461538
1.417,21.083,19797.0,364.384615384615
0.818,5.727,19810.0,287.25
0.167,2.917,19826.0,275.153846153846
0.545,4.455,19852.0,244.083333333333
1.909,18.091,19891.0,197.416666666667
1.667,14.583,19916.0,210.692307692308
1.583,18.583,19948.0,219.153846153846
1.818,19.636,19974.0,217.583333333333
1.167,11.75,20000.0,234.384615384615
0.417,8.25,20043.0,253.923076923077
1.273,13.273,20094.0,265.75
1.818,20.0,20147.0,280.916666666667
2.182,25.364,20202.0,408.75
2.0,29.167,20261.0,404.615384615385
1.909,30.182,20303.0,277.833333333333
1.333,27.25,20340.0,331.846153846154
0.917,18.5,20425.0,446.692307692308
2.182,29.364,20524.0,432.333333333333
2.667,40.25,20606.0,378.384615384615
3.091,53.636,20769.0,499.916666666667
3.636,52.455,20863.0,495.833333333333
3.75,49.5,20928.0,530.0
2.5,22.5,21013.0,556.846153846154
1.667,23.25,21085.0,598.538461538462
0.818,21.182,21148.0,555.0
2.25,23.167,21245.0,510.461538461538
2.917,38.917,21373.0,591.846153846154
2.455,39.818,21469.0,554.166666666667
2.091,38.091,21560.0,460.166666666667
1.583,28.5,21649.0,464.769230769231
1.083,17.0,21712.0,435.538461538462
1.636,27.455,21778.0,410.166666666667
1.364,19.364,21835.0,452.416666666667
0.75,9.0,21872.0,346.230769230769
1.083,12.25,21900.0,222.230769230769
1.167,15.083,21939.0,224.846153846154
1.0,14.75,21975.0,319.769230769231
1.182,20.182,22025.0,325.916666666667
1.182,19.0,22051.0,230.333333333333
1.417,19.5,22077.0,366.615384615385
1.5,23.083,22110.0,442.076923076923
2.273,28.818,22165.0,483.666666666667
2.583,32.75,22196.0,557.538461538462
1.75,19.417,22233.0,342.461538461538
1.273,13.727,22272.0,340.083333333333
0.909,12.818,22300.0,342.916666666667
1.333,13.917,22330.0,350.846153846154
2.0,25.364,22349.0,502.583333333333
1.091,17.364,22374.0,632.166666666667
1.091,14.818,22394.0,542.833333333333
1.364,19.273,22422.0,439.083333333333
1.25,13.417,22448.0,415.538461538462
1.364,19.364,22484.0,510.0
1.364,21.091,22499.0,506.416666666667
1.0,13.0,22522.0,475.583333333333
1.364,17.091,22541.0,612.833333333333
1.545,19.818,22562.0,645.916666666667
1.091,17.636,22574.0,529.583333333333
1.091,18.636,22599.0,348.666666666667
1.417,19.833,22628.0,329.923076923077
1.083,15.667,22659.0,368.923076923077
1.0,18.545,22679.0,292.166666666667
1.25,15.583,22710.0,310.307692307692
1.25,17.25,22763.0,369.076923076923
0.917,12.0,22791.0,265.230769230769
0.667,7.167,22810.0,193.076923076923
0.727,9.273,22831.0,252.75
1.273,12.909,22860.0,342.75
1.167,12.667,22884.0,266.769230769231
0.833,7.583,22905.0,202.076923076923
1.25,11.917,22939.0,208.384615384615
1.091,11.909,22955.0,229.166666666667
0.818,23.455,22996.0,239.166666666667
2.25,48.917,23042.0,341.307692307692
2.091,54.273,23073.0,463.5
2.273,56.455,23100.0,464.916666666667
2.917,45.167,23149.0,457.615384615385
2.0,26.667,23179.0,376.923076923077
1.455,12.909,23226.0,463.666666666667
0.833,16.167,23276.0,501.0
1.182,13.182,23312.0,375.0
1.818,13.273,23333.0,335.25
1.417,17.75,23369.0,341.384615384615
1.5,14.667,23459.0,391.923076923077
1.167,18.25,23502.0,406.076923076923
1.182,14.182,23539.0,244.083333333333
0.636,9.0,23587.0,358.083333333333
0.667,12.083,23623.0,403.384615384615
1.167,20.333,23665.0,260.769230769231
1.364,10.636,23700.0,231.583333333333
1.25,15.0,23758.0,331.384615384615
1.727,18.0,23833.0,369.5
2.0,23.273,23901.0,329.5
1.833,26.25,23987.0,330.230769230769
2.333,35.75,24039.0,320.615384615385
2.5,41.75,24081.0,364.230769230769
2.333,26.333,24118.0,438.615384615385
1.455,17.455,24176.0,396.083333333333
1.273,14.0,24229.0,277.833333333333
0.909,11.636,24274.0,246.583333333333
1.167,14.167,24336.0,244.153846153846
1.273,17.727,24389.0,258.75
2.0,32.091,24429.0,346.083333333333
2.636,31.909,24476.0,417.083333333333
3.333,33.833,24521.0,353.384615384615
3.5,31.083,24570.0,363.076923076923
2.583,27.583,24613.0,316.846153846154
2.091,29.091,24665.0,376.583333333333
1.182,18.636,24710.0,427.083333333333
1.545,24.545,24759.0,338.583333333333
1.909,32.636,24791.0,373.583333333333
1.545,20.727,24842.0,468.416666666667
1.667,16.583,24886.0,372.153846153846
1.667,22.5,24947.0,316.538461538462
1.091,15.182,25024.0,341.583333333333
1.727,21.727,25075.0,314.083333333333
2.167,27.083,25133.0,276.461538461538
1.909,31.273,25208.0,387.833333333333
1.455,16.636,25254.0,373.833333333333
1.667,16.0,25303.0,373.0
1.167,14.667,25358.0,284.692307692308
0.636,11.727,25411.0,255.916666666667
0.545,12.727,25454.0,195.833333333333
0.818,9.091,25488.0,191.0
1.182,17.545,25534.0,193.583333333333
1.455,27.273,25577.0,208.583333333333
1.364,15.0,25625.0,220.083333333333
1.417,11.25,25684.0,244.307692307692
1.636,16.818,25738.0,268.416666666667
1.091,10.273,25791.0,216.833333333333
1.167,13.333,25838.0,217.461538461538
2.083,27.667,25888.0,232.230769230769
1.727,25.545,25941.0,226.583333333333
1.167,18.25,25984.0,227.538461538462
1.182,13.545,26020.0,201.916666666667
1.818,19.636,26061.0,188.083333333333
2.0,22.364,26103.0,212.916666666667
1.417,13.25,26133.0,216.615384615385
1.083,11.0,26170.0,192.0
1.727,12.091,26213.0,201.833333333333
1.636,11.727,26256.0,205.916666666667
1.083,12.833,26295.0,200.461538461538
1.25,11.917,26340.0,248.692307692308
1.167,10.75,26371.0,248.846153846154
1.583,14.833,26396.0,277.307692307692
1.545,17.636,26425.0,290.25
1.0,17.727,26454.0,231.333333333333
0.545,8.545,26497.0,221.916666666667
1.0,9.75,26517.0,214.538461538462
0.833,5.167,26559.0,196.076923076923
0.917,13.167,26593.0,194.230769230769
1.182,22.727,26626.0,216.333333333333
1.0,20.583,26667.0,211.538461538462
0.545,8.909,26688.0,206.833333333333
0.909,9.545,26733.0,204.166666666667
1.167,15.167,26767.0,199.307692307692
0.583,14.833,26800.0,183.769230769231
0.917,8.5,26839.0,180.538461538462
2.182,21.909,26870.0,194.5
2.364,20.636,26891.0,206.916666666667
1.667,13.5,26923.0,214.923076923077
1.0,6.182,26946.0,206.25
0.455,4.818,26966.0,183.5
0.833,10.0,26993.0,173.307692307692
0.833,10.083,27017.0,181.384615384615
1.917,13.667,27045.0,207.538461538462
2.417,21.083,27069.0,223.923076923077
1.833,27.0,27106.0,221.692307692308
1.833,22.0,27129.0,203.769230769231
2.091,20.0,27152.0,210.416666666667
1.091,7.545,27180.0,209.583333333333
1.333,14.083,27227.0,218.076923076923
1.818,19.364,27261.0,232.666666666667
2.0,22.455,27302.0,238.833333333333
1.333,17.75,27349.0,255.307692307692
1.182,10.091,27391.0,250.583333333333
1.0,11.545,27440.0,205.25
0.5,6.583,27482.0,184.923076923077
0.917,8.333,27517.0,196.923076923077
1.545,12.091,27566.0,218.916666666667
1.75,17.333,27599.0,222.692307692308
1.273,9.364,27621.0,240.833333333333
1.667,17.167,27660.0,241.923076923077
0.917,15.583,27693.0,237.846153846154
0.909,11.909,27733.0,234.166666666667
0.727,14.364,27754.0,235.833333333333
1.909,24.455,27771.0,240.666666666667
1.833,33.5,27798.0,246.846153846154
1.455,19.364,27828.0,234.333333333333
1.727,9.091,27868.0,226.083333333333
1.417,11.0,27903.0,231.692307692308
0.727,11.818,27951.0,244.083333333333
1.0,12.417,27978.0,230.230769230769
1.25,12.0,28015.0,240.153846153846
0.727,8.545,28047.0,241.416666666667
0.818,19.818,28074.0,216.0
0.917,12.917,28100.0,218.769230769231
1.0,15.5,28130.0,241.538461538462
0.833,16.0,28178.0,270.615384615385
1.182,13.818,28227.0,343.833333333333
1.455,16.545,28313.0,379.75
1.636,22.545,28364.0,335.0
1.583,18.5,28424.0,295.461538461538
1.5,14.0,28474.0,271.307692307692
1.182,14.636,28514.0,249.25
1.0,10.667,28551.0,251.076923076923
1.455,15.727,28591.0,269.75
1.455,12.545,28633.0,266.166666666667
1.167,9.75,28666.0,257.076923076923
0.833,7.75,28699.0,254.846153846154
1.083,10.833,28729.0,261.153846153846
1.0,8.417,28753.0,247.615384615385
0.5,5.833,28787.0,243.538461538462
1.182,20.727,28829.0,233.5
1.0,17.818,28857.0,210.666666666667
1.182,13.0,28885.0,197.0
1.909,20.455,28921.0,212.666666666667
1.75,19.5,28951.0,231.923076923077
1.333,14.0,28976.0,227.769230769231
0.583,8.5,29005.0,194.769230769231
1.273,15.182,29037.0,187.916666666667
2.182,21.727,29065.0,209.583333333333
1.727,17.0,29097.0,218.666666666667
1.167,12.833,29125.0,213.923076923077
1.333,8.75,29148.0,213.461538461538
1.273,9.545,29171.0,207.166666666667
0.667,6.75,29184.0,193.538461538462
0.417,7.0,29210.0,178.769230769231
1.0,6.167,29234.0,162.846153846154
1.273,13.455,29266.0,181.75
1.083,22.167,29280.0,193.538461538462
1.0,15.5,29291.0,181.076923076923
0.636,5.0,29309.0,171.833333333333
0.417,6.083,29324.0,165.692307692308
0.75,22.5,29339.0,165.538461538462
1.083,24.333,29362.0,174.230769230769
1.727,22.091,29387.0,199.833333333333
1.364,20.545,29413.0,244.0
0.818,12.909,29429.0,239.25
1.25,19.583,29456.0,215.230769230769
1.25,29.333,29499.0,219.769230769231
1.455,27.727,29534.0,218.416666666667
1.75,44.667,29554.0,231.461538461538
1.333,36.75,29580.0,235.846153846154
1.455,22.182,29608.0,205.75
1.333,17.333,29635.0,198.0
1.091,13.455,29650.0,196.833333333333
0.545,12.182,29660.0,185.75
1.083,26.5,29679.0,196.153846153846
1.273,19.364,29688.0,186.0
0.75,7.083,29709.0,176.076923076923
1.75,27.667,29727.0,191.615384615385
1.818,21.091,29743.0,212.416666666667
1.364,16.182,29751.0,211.75
0.6,15.5,29763.0,205.090909090909
1.0,12.364,29777.0,207.166666666667
1.583,19.167,29786.0,215.846153846154
1.909,28.636,29802.0,218.0
1.455,19.636,29810.0,209.916666666667
1.417,12.5,29833.0,210.230769230769
1.417,10.583,29844.0,214.923076923077
0.727,7.091,29863.0,209.666666666667
0.75,9.0,29883.0,198.538461538462
1.0,12.75,29892.0,193.076923076923
1.364,10.636,29902.0,194.75
1.333,14.667,29917.0,201.461538461538
0.5,9.75,29928.0,193.076923076923
0.455,6.818,29940.0,181.666666666667
0.909,6.091,29957.0,179.833333333333
1.182,7.091,29969.0,178.166666666667
1.25,9.917,29976.0,194.0
1.25,16.667,29986.0,207.923076923077
1.636,18.818,29997.0,218.083333333333
1.636,26.545,30009.0,225.666666666667
1.0,14.727,30038.0,213.666666666667
0.727,10.182,30044.0,186.25
0.917,11.25,30047.0,176.923076923077
1.0,8.0,30060.0,180.615384615385
0.917,7.0,30078.0,183.230769230769
1.182,9.545,30092.0,195.916666666667
1.545,10.909,30104.0,223.75
1.417,11.417,30115.0,236.307692307692
0.917,8.75,30123.0,220.307692307692
1.167,8.5,30136.0,206.846153846154
1.364,7.818,30151.0,188.75
1.182,10.091,30159.0,197.25
0.5,4.667,30171.0,192.307692307692
1.091,10.0,30174.0,184.583333333333
1.727,15.0,30198.0,177.916666666667
1.083,10.25,30215.0,184.692307692308
1.25,15.417,30223.0,193.230769230769
1.727,12.364,30229.0,192.25
2.0,18.364,30243.0,211.416666666667
1.5,12.25,30259.0,223.769230769231
1.667,9.25,30267.0,219.230769230769
1.182,13.909,30280.0,214.916666666667
0.455,7.727,30299.0,187.5
1.0,5.636,30304.0,162.75
1.917,15.333,30321.0,193.923076923077
1.5,14.583,30346.0,222.538461538462
1.167,11.083,30373.0,222.846153846154
0.917,13.083,30391.0,205.923076923077
0.909,13.636,30411.0,202.166666666667
0.909,12.182,30434.0,202.916666666667
1.0,9.917,30458.0,209.846153846154
1.333,17.833,30487.0,226.0
1.333,22.583,30505.0,221.0
0.636,10.909,30515.0,196.083333333333
0.636,7.545,30527.0,174.916666666667
0.818,14.0,30549.0,168.166666666667
0.583,14.75,30567.0,167.769230769231
0.667,17.333,30588.0,180.0
1.75,27.0,30602.0,196.846153846154
2.167,30.5,30618.0,202.461538461538
1.5,20.667,30639.0,196.923076923077
1.909,24.818,30658.0,194.5
1.364,22.545,30686.0,194.333333333333
0.917,16.333,30716.0,180.076923076923
1.364,22.182,30738.0,176.5
2.167,33.833,30752.0,186.076923076923
1.917,30.0,30763.0,205.769230769231
1.273,14.909,30773.0,207.25
1.167,14.833,30789.0,188.076923076923
1.182,17.909,30804.0,185.0
1.455,17.818,30819.0,184.75
1.5,23.5,30833.0,179.0
1.667,25.083,30844.0,187.307692307692
1.636,24.364,30868.0,189.333333333333
1.273,25.364,30874.0,199.583333333333
1.833,30.5,30884.0,208.307692307692
2.25,33.333,30898.0,204.153846153846
1.545,28.0,30914.0,205.833333333333
1.364,21.091,30988.0,202.833333333333
1.583,20.917,31004.0,200.692307692308
2.083,28.917,31074.0,204.538461538462
1.545,28.818,31105.0,214.916666666667
1.182,22.091,31120.0,212.333333333333
0.917,19.5,31140.0,206.615384615385
0.667,22.083,31187.0,203.076923076923
1.5,43.083,31250.0,229.076923076923
2.0,54.364,31302.0,251.583333333333
2.0,49.083,31324.0,256.384615384615
2.083,40.667,31353.0,259.384615384615
2.091,47.182,31386.0,262.333333333333
2.182,47.091,31428.0,271.166666666667
3.0,71.182,31526.0,301.166666666667
3.364,79.091,31552.0,309.416666666667
2.917,68.167,31593.0,321.461538461538
3.333,65.75,31649.0,316.461538461538
2.455,44.909,31703.0,291.833333333333
1.727,32.182,31766.0,279.5
2.0,32.636,31896.0,270.0
2.273,33.545,31905.0,277.833333333333
1.727,20.364,31927.0,266.083333333333
1.455,31.545,31983.0,225.083333333333
1.727,40.818,32010.0,226.166666666667
2.417,31.333,32044.0,248.615384615385
2.25,23.083,32081.0,250.153846153846
1.917,23.333,32128.0,275.076923076923
1.364,14.818,32164.0,280.833333333333
1.455,20.636,32207.0,239.5
1.75,21.75,32242.0,246.307692307692
1.583,22.167,32264.0,249.0
1.417,18.917,32294.0,229.076923076923
1.364,18.091,32325.0,231.833333333333
1.417,24.333,32387.0,276.461538461538
1.5,23.25,32442.0,276.076923076923
1.0,12.909,32495.0,247.75
1.667,24.417,32525.0,247.076923076923
2.167,29.583,32574.0,252.769230769231
1.636,21.636,32694.0,272.333333333333
2.364,26.273,32877.0,293.333333333333
3.455,46.636,33052.0,284.083333333333
2.583,27.417,33254.0,279.461538461538
2.909,32.455,33481.0,274.166666666667
4.667,58.583,33662.0,266.846153846154
4.75,67.0,33876.0,281.076923076923
3.167,58.667,34021.0,311.923076923077
2.818,77.273,34168.0,320.833333333333
3.333,90.083,34313.0,315.692307692308
3.5,81.417,34463.0,320.461538461538
3.25,69.583,34596.0,334.384615384615
3.364,72.273,34787.0,361.333333333333
3.417,62.667,34987.0,387.615384615385
4.818,65.364,35165.0,410.166666666667
4.818,57.636,35427.0,466.916666666667
4.583,57.583,35728.0,552.076923076923
4.167,80.583,35958.0,577.846153846154
3.583,66.75,36127.0,468.307692307692
3.545,48.455,36335.0,400.5
4.273,60.909,36489.0,351.25
4.417,83.75,36619.0,366.769230769231
4.083,63.667,36772.0,413.230769230769
3.182,42.273,36914.0,436.25
2.182,42.727,37038.0,425.5
3.25,81.083,37170.0,432.846153846154
3.333,85.417,37246.0,470.538461538462
4.0,97.0,37318.0,453.538461538462
4.167,87.167,37420.0,374.615384615385
2.364,43.364,37495.0,337.166666666667
2.727,59.545,37596.0,397.666666666667
3.25,71.833,37685.0,402.307692307692
3.333,61.75,37779.0,358.384615384615
5.182,74.727,37871.0,362.333333333333
4.182,49.182,37971.0,343.583333333333
4.273,60.636,38046.0,369.0
3.0,46.818,38098.0,387.25
2.833,43.583,38175.0,370.538461538462
2.417,28.5,38256.0,431.846153846154
2.25,26.833,38358.0,501.0
3.25,38.583,38441.0,486.461538461538
3.917,42.583,38553.0,415.461538461538
4.182,44.273,38648.0,375.583333333333
4.273,42.091,38717.0,373.166666666667
3.417,44.0,38772.0,348.846153846154
2.75,34.25,38837.0,353.307692307692
1.909,26.727,38906.0,343.833333333333
2.455,40.364,38987.0,381.333333333333
4.25,54.25,39087.0,405.769230769231
3.909,46.727,39174.0,370.25
3.455,44.909,39246.0,374.0
3.636,42.545,39330.0,356.5
2.364,37.273,39425.0,339.666666666667
2.75,42.25,39499.0,346.384615384615
4.0,43.25,39579.0,415.461538461538
3.727,33.0,39875.0,436.666666666667
3.417,36.083,39931.0,371.230769230769
3.5,37.917,39984.0,339.692307692308
3.636,43.091,40038.0,318.0
3.0,38.5,40091.0,324.076923076923
3.364,52.545,40162.0,326.416666666667
3.364,63.818,40230.0,383.0
3.455,56.818,40292.0,383.666666666667
3.917,47.167,40390.0,371.538461538462
4.333,34.25,40476.0,389.384615384615
3.583,29.25,40560.0,364.692307692308
2.75,29.333,40649.0,342.846153846154
4.091,35.909,40768.0,366.666666666667
3.091,28.636,40918.0,402.5
2.75,26.083,41000.0,379.230769230769
2.167,26.167,41058.0,331.153846153846
2.818,39.545,41148.0,343.75
3.545,48.182,41264.0,365.75
2.182,27.455,41369.0,443.916666666667
1.818,22.545,41439.0,437.333333333333
2.455,31.364,41542.0,452.416666666667
2.25,32.0,41620.0,466.230769230769
3.364,41.818,41729.0,381.583333333333
3.727,44.0,41878.0,523.25
3.636,54.0,42051.0,595.833333333333
2.545,42.182,42186.0,444.833333333333
2.667,42.25,42300.0,397.0
4.0,41.25,42460.0,412.923076923077
3.5,31.333,42600.0,412.538461538462
3.545,34.091,42810.0,386.666666666667
3.167,33.583,42920.0,373.153846153846
2.364,30.273,43043.0,397.583333333333
2.091,27.182,43166.0,399.25
2.583,43.75,43297.0,422.846153846154
3.273,46.273,43413.0,442.416666666667
3.273,36.545,43519.0,366.833333333333
3.083,41.083,43617.0,386.153846153846
3.0,40.75,43719.0,392.153846153846
3.091,47.0,43824.0,374.916666666667
2.455,38.182,43938.0,360.25
1.833,31.833,44052.0,376.692307692308
2.0,36.667,44179.0,389.307692307692
2.545,47.0,44315.0,405.916666666667
2.909,36.0,44535.0,449.416666666667
3.833,42.25,44701.0,433.461538461538
3.167,57.5,44843.0,383.538461538462
1.727,47.455,44957.0,338.666666666667
2.455,36.818,45097.0,404.583333333333
2.818,51.545,45287.0,507.583333333333
3.364,43.455,45496.0,447.25
3.833,48.667,45635.0,376.384615384615
3.818,53.455,45761.0,360.5
2.75,48.0,45903.0,331.461538461538
3.25,56.167,46034.0,372.846153846154
2.909,67.182,46131.0,385.666666666667
2.182,55.545,46227.0,318.166666666667
2.667,44.0,46318.0,299.692307692308
3.727,46.273,46496.0,308.0
4.545,50.455,46633.0,408.416666666667
2.667,31.5,46708.0,378.923076923077
2.0,28.667,46799.0,270.692307692308
2.636,24.0,46893.0,268.75
3.5,46.583,46994.0,281.615384615385
3.833,45.083,47134.0,299.0
2.455,31.545,47241.0,370.166666666667
2.0,34.545,47345.0,334.416666666667
1.545,29.0,47418.0,226.5
1.25,21.5,47482.0,219.769230769231
1.727,29.727,47559.0,215.5
1.818,38.455,47637.0,249.416666666667
1.909,39.364,47774.0,264.5
2.818,44.909,47856.0,310.416666666667
3.25,45.833,47920.0,290.384615384615
2.75,29.167,47979.0,228.923076923077
2.5,28.25,48079.0,256.0
2.364,42.455,48204.0,280.583333333333
2.182,30.273,48274.0,360.833333333333
2.909,27.273,48338.0,347.833333333333
2.091,25.0,48421.0,319.833333333333
1.75,32.75,48472.0,299.538461538462
2.333,42.917,48527.0,227.538461538462
1.818,35.636,48594.0,236.75
1.636,24.455,48661.0,239.333333333333
2.0,29.909,48718.0,238.75
2.417,29.417,48763.0,281.461538461538
2.167,27.75,48825.0,293.0
2.727,34.909,48903.0,316.916666666667
1.636,15.455,48962.0,304.666666666667
1.727,15.182,49012.0,238.75
1.917,18.917,49076.0,234.230769230769
1.917,25.833,49133.0,237.538461538462
2.583,36.333,49180.0,195.615384615385
2.545,48.727,49220.0,193.5
2.273,29.818,49263.0,257.75
1.75,16.083,49306.0,248.076923076923
1.818,19.727,49347.0,239.5
1.8,24.5,49399.0,248.0
2.167,30.917,49484.0,267.0
2.364,33.091,49537.0,286.583333333333
2.273,29.818,49604.0,393.75
2.667,36.0,49667.0,391.769230769231
1.75,24.25,49712.0,268.923076923077
1.25,13.0,49769.0,213.230769230769
1.727,18.909,49826.0,212.25
2.083,27.583,49881.0,237.0
2.75,27.25,49919.0,249.923076923077
2.818,29.818,49983.0,248.5
3.182,35.364,50030.0,255.833333333333
2.818,28.182,50075.0,252.75
1.182,14.364,50113.0,231.666666666667
1.5,17.083,50158.0,232.846153846154
1.75,20.167,50186.0,244.615384615385
2.364,27.455,50231.0,336.75
2.273,27.182,50268.0,345.333333333333
2.0,15.091,50296.0,252.166666666667
1.583,16.583,50337.0,242.846153846154
0.75,7.583,50375.0,232.153846153846
1.25,6.583,50412.0,295.846153846154
2.333,15.75,50433.0,331.076923076923
3.25,31.667,50476.0,291.923076923077
3.545,45.636,50602.0,279.25
3.182,42.091,50641.0,261.833333333333
1.75,33.25,50685.0,257.692307692308
1.167,25.25,50722.0,257.769230769231
1.909,18.273,50763.0,252.416666666667
1.818,34.545,50800.0,236.666666666667
1.833,27.0,50832.0,232.461538461538
2.333,24.167,50868.0,234.230769230769
2.818,27.909,50893.0,234.083333333333
1.583,22.417,50925.0,233.846153846154
0.75,11.167,50962.0,221.538461538462
1.417,19.0,51011.0,214.384615384615
2.091,27.455,51132.0,235.25
1.545,17.273,51173.0,255.916666666667
2.455,25.0,51199.0,237.333333333333
2.417,23.25,51232.0,222.615384615385
2.833,30.583,51286.0,239.076923076923
2.167,33.75,51326.0,249.846153846154
2.364,47.636,51373.0,257.416666666667
2.273,54.182,51411.0,259.916666666667
2.083,46.0,51453.0,262.538461538462
2.818,45.364,51499.0,263.083333333333
3.0,42.4,51572.0,263.090909090909
2.8,40.8,51611.0,259.545454545455
2.0,26.3,51655.0,239.090909090909
2.417,38.667,51701.0,262.230769230769
3.167,51.25,51757.0,295.461538461538
2.455,44.545,51810.0,364.833333333333
2.417,56.917,51864.0,335.923076923077
3.0,52.917,51910.0,346.538461538462
3.5,65.25,51978.0,295.461538461538
2.455,43.909,52148.0,170.0
2.455,70.545,52213.0,184.5
3.083,93.417,52332.0,118.615384615385
3.75,85.917,52504.0,207.230769230769
5.455,113.455,52754.0,288.416666666667
4.917,87.833,52895.0,257.692307692308
4.5,59.75,53042.0,232.153846153846
4.667,73.0,53290.0,268.538461538462
4.636,73.455,53518.0,275.083333333333
4.083,57.25,53684.0,248.846153846154
3.75,76.417,53890.0,232.230769230769
4.818,88.091,54038.0,263.5
4.364,80.545,54176.0,248.583333333333
3.333,70.833,54287.0,206.461538461538
2.417,59.5,54396.0,192.846153846154
2.75,57.0,54502.0,202.461538461538
3.25,47.917,54623.0,208.923076923077
3.833,53.833,54775.0,214.692307692308
4.083,72.083,54959.0,268.692307692308
4.333,85.5,55280.0,311.461538461538
4.909,90.364,55520.0,286.166666666667
5.182,84.545,55768.0,266.083333333333
5.25,91.25,56082.0,307.769230769231
5.25,90.917,56371.0,306.846153846154
5.182,80.091,56600.0,273.666666666667
4.182,68.909,56807.0,288.416666666667
3.545,75.273,56969.0,249.583333333333
4.0,89.75,57129.0,192.384615384615
3.333,76.333,57320.0,181.076923076923
3.182,62.727,57476.0,184.083333333333
3.273,47.182,57585.0,184.833333333333
3.818,58.182,57691.0,168.583333333333
4.167,49.083,57861.0,188.384615384615
4.167,58.583,57982.0,233.769230769231
3.167,61.583,58210.0,225.153846153846
2.545,46.818,58346.0,176.5
2.182,40.545,58462.0,164.666666666667
2.636,46.727,58560.0,160.583333333333
2.75,44.167,58658.0,165.461538461538
2.333,41.083,58792.0,155.461538461538
3.091,49.909,58883.0,146.916666666667
2.727,43.636,58985.0,167.5
2.167,38.25,59227.0,197.153846153846
2.917,56.75,59441.0,220.538461538462
3.545,62.091,59564.0,199.833333333333
2.667,45.167,59691.0,191.769230769231
2.273,40.455,59784.0,207.5
2.0,26.818,59908.0,179.916666666667
2.333,25.5,60026.0,141.461538461538
2.364,35.818,60250.0,167.25
2.364,34.727,60420.0,217.333333333333
2.417,45.333,60571.0,215.769230769231
2.545,42.636,60679.0,155.833333333333
2.909,39.364,60770.0,141.666666666667
2.909,40.0,60876.0,172.916666666667
2.5,58.833,60981.0,181.153846153846
1.417,45.083,61053.0,158.538461538462
1.5,25.417,61136.0,141.307692307692
2.091,23.455,61218.0,149.0
2.273,38.455,61291.0,158.75
2.583,30.333,61373.0,155.384615384615
2.727,29.0,61440.0,153.333333333333
1.727,25.364,61494.0,151.416666666667
1.545,32.909,61554.0,149.333333333333
1.917,44.25,61631.0,153.230769230769
2.917,43.833,61721.0,175.307692307692
2.727,52.364,61791.0,204.666666666667
2.583,53.083,61859.0,223.461538461538
3.364,45.0,61924.0,198.75
1.818,23.818,61991.0,156.166666666667
1.455,14.0,62050.0,155.583333333333
1.455,19.545,62117.0,172.083333333333
2.455,37.636,62214.0,185.833333333333
3.167,61.917,62305.0,200.461538461538
3.583,67.0,62391.0,205.0
3.583,53.75,62490.0,199.153846153846
2.583,31.083,62603.0,161.076923076923
2.0,18.364,62665.0,139.333333333333
1.909,21.727,62753.0,143.25
2.182,29.091,62864.0,162.416666666667
3.182,37.818,62953.0,175.25
1.667,33.25,63040.0,163.846153846154
2.167,32.667,63135.0,155.769230769231
2.727,49.818,63197.0,152.666666666667
1.727,34.818,63269.0,155.0
2.167,38.667,63363.0,166.769230769231
2.091,40.727,63440.0,161.75
3.091,49.909,63516.0,156.0
3.364,34.364,63587.0,161.75
2.818,43.636,63661.0,160.083333333333
2.273,36.636,63724.0,155.416666666667
2.455,27.0,63788.0,157.666666666667
2.091,24.909,63854.0,150.75
2.0,28.091,63924.0,139.666666666667
2.364,30.0,63983.0,137.0
3.0,37.0,64054.0,144.333333333333
2.636,43.727,64113.0,142.333333333333
1.182,28.909,64168.0,127.75
0.6,12.0,64225.0,115.636363636364
1.455,20.364,64298.0,121.666666666667
2.818,40.273,64367.0,142.75
2.917,39.833,64454.0,160.692307692308
2.75,35.25,64497.0,158.615384615385
3.0,38.545,64576.0,151.416666666667
1.833,23.417,64637.0,137.846153846154
0.909,12.182,64693.0,125.833333333333
1.9,27.0,64768.0,117.181818181818
2.636,46.455,64907.0,173.0
2.909,49.636,65194.0,209.75
4.364,51.909,65302.0,176.25
2.2,34.1,65340.0,152.454545454545
1.769,31.769,65420.0,141.071428571429
1.0,22.667,65499.0,140.230769230769
1.25,24.25,65558.0,141.384615384615
2.273,45.364,65610.0,141.666666666667
2.727,44.909,65687.0,147.583333333333
1.7,31.4,65752.0,141.181818181818
2.3,36.1,65844.0,121.818181818182
1.818,27.455,65890.0,113.666666666667
1.545,19.636,65957.0,114.416666666667
2.167,29.333,66007.0,112.769230769231
2.455,38.636,66058.0,124.583333333333
1.818,20.0,66088.0,133.416666666667
1.667,19.167,66131.0,116.461538461538
2.091,22.727,66181.0,115.333333333333
1.333,25.25,66231.0,108.615384615385
0.5,20.3,66264.0,105.272727272727
1.0,28.8,66347.0,104.0
0.917,21.333,66404.0,100.153846153846
1.083,26.167,66454.0,97.8461538461538
1.909,31.545,66506.0,104.583333333333
1.545,30.455,66544.0,110.833333333333
0.727,22.091,66593.0,104.083333333333
1.182,21.727,66649.0,95.1666666666667
2.0,29.7,66718.0,106.0
1.818,46.909,66769.0,147.416666666667
1.417,61.083,66831.0,137.461538461538
2.333,68.333,66872.0,128.692307692308
2.5,52.7,66925.0,137.636363636364
3.0,43.75,66979.0,139.666666666667
1.455,32.091,67026.0,133.5
1.4,25.1,67091.0,126.272727272727
3.0,55.375,67151.0,127.555555555556
2.5,45.6,67196.0,121.909090909091
2.0,38.923,67245.0,132.285714285714
1.545,37.364,67289.0,140.583333333333
0.818,20.0,67348.0,122.583333333333
1.417,26.0,67400.0,109.615384615385
3.5,66.8,67449.0,117.181818181818
3.111,48.667,67508.0,135.8
4.0,40.0,67549.0,148.833333333333
2.5,27.5,67583.0,142.181818181818
2.875,33.25,67611.0,128.777777777778
3.0,36.2,67660.0,124.909090909091
1.583,22.0,67689.0,118.0
1.091,25.636,67722.0,111.916666666667
2.4,33.1,67751.0,116.454545454545
2.333,41.667,67782.0,122.0
1.909,21.182,67817.0,119.75
2.444,30.778,67842.0,111.1
1.6,25.5,67887.0,97.9090909090909
0.7,14.3,67937.0,95.6363636363636
1.818,19.273,67969.0,108.583333333333
2.818,41.636,68009.0,117.666666666667
2.7,36.3,68077.0,113.090909090909
2.818,25.818,68103.0,129.583333333333
2.9,30.0,68165.0,137.818181818182
1.364,19.273,68209.0,113.416666666667
1.083,15.667,68243.0,102.538461538462
1.667,25.222,68274.0,103.9
2.375,39.5,68311.0,106.777777777778
2.583,35.667,68369.0,127.846153846154
2.583,29.083,68391.0,128.538461538462
4.5,22.875,68489.0,120.222222222222
2.714,25.286,68521.0,120.25
1.273,15.455,68566.0,111.5
1.75,14.333,68614.0,96.9230769230769
2.455,21.545,68630.0,104.833333333333
2.3,22.1,68669.0,116.818181818182
1.5,35.3,68706.0,115.363636363636
1.5,49.5,68739.0,106.333333333333
1.75,14.0,68770.0,104.111111111111
1.0,11.2,68801.0,112.454545454545
1.222,12.111,68844.0,114.3
1.3,16.8,68876.0,99.5454545454545
1.0,16.231,68910.0,97.1428571428571
2.091,28.636,68941.0,111.333333333333
2.0,34.9,68960.0,116.727272727273
1.1,24.1,68982.0,111.363636363636
0.778,13.556,69002.0,105.8
0.9,12.5,69021.0,79.1818181818182
1.0,18.818,69055.0,59.5833333333333
2.5,44.5,69076.0,49.0909090909091
4.0,37.429,69102.0,45.75
2.125,21.375,69124.0,42.4444444444444
1.091,14.091,69138.0,37.75
0.727,10.545,69179.0,34.8333333333333
1.556,16.889,69188.0,35.0
1.167,11.75,69210.0,36.1538461538462
1.714,15.071,69237.0,38.2666666666667
2.308,26.538,69242.0,40.5714285714286
2.0,17.333,69285.0,37.8
2.0,13.0,69301.0,40.625
0.857,8.714,69326.0,43.75
1.375,18.5,69349.0,41.1111111111111
1.75,19.75,69363.0,43.6666666666667
1.364,18.273,69382.0,42.5833333333333
2.333,24.0,69406.0,40.6153846153846
2.0,22.6,69424.0,41.3636363636364
1.2,12.8,69434.0,41.7272727272727
0.75,15.625,69456.0,40.7777777777778
1.444,15.889,69468.0,35.0
1.154,12.692,69478.0,33.7142857142857
0.923,15.615,69498.0,33.0
1.5,10.417,69526.0,33.5384615384615
1.909,12.636,69541.0,34.8333333333333
1.8,15.6,69565.0,35.5454545454545
1.3,11.5,69576.0,35.7272727272727
1.778,12.778,69611.0,35.3
2.636,18.545,69632.0,39.0833333333333
2.4,14.4,69648.0,42.1818181818182
2.667,22.0,69682.0,41.0
2.636,21.364,69713.0,44.5
2.222,15.556,69743.0,44.3
1.333,11.0,69786.0,41.8
2.625,19.75,69818.0,41.2222222222222
3.111,26.333,69837.0,39.4
0.889,10.111,69851.0,35.2
1.875,13.125,69865.0,36.4444444444444
1.9,14.6,69884.0,37.7272727272727
1.455,9.091,69907.0,37.9166666666667
0.917,7.167,69909.0,35.3846153846154
1.0,10.692,69934.0,33.1428571428571
1.1,12.2,69945.0,32.9090909090909
1.556,12.556,69955.0,33.9
1.778,17.0,69975.0,35.5
1.0,10.556,69983.0,36.4
2.125,17.375,70001.0,37.0
1.222,21.667,70027.0,37.2
0.6,15.0,70040.0,36.3636363636364
1.077,8.077,70054.0,36.0714285714286
1.909,21.636,70076.0,35.8333333333333
2.556,28.111,70099.0,54.1
2.091,20.727,70106.0,83.25
1.909,17.455,70121.0,84.5833333333333
1.375,15.625,70185.0,80.3333333333333
2.0,18.8,70205.0,84.6363636363636
1.7,13.7,70215.0,102.454545454545
1.727,19.545,70224.0,154.75
2.5,19.583,70240.0,166.461538461538
2.667,15.444,70256.0,170.1
1.0,6.3,70276.0,170.363636363636
1.0,8.375,70290.0,178.444444444444
0.444,4.778,70310.0,170.8
0.833,4.5,70328.0,167.769230769231
1.071,8.357,70355.0,176.266666666667
1.273,14.091,70380.0,179.666666666667
1.2,11.9,70386.0,180.454545454545
1.2,7.5,70399.0,180.818181818182
1.1,8.8,70410.0,192.818181818182
0.833,9.833,70419.0,195.153846153846
0.786,10.714,70436.0,201.0
0.75,8.625,70457.0,204.888888888889
2.0,44.75,70477.0,221.6
2.0,29.8,70488.0,201.727272727273
1.0,15.2,70498.0,187.727272727273
0.6,7.0,70510.0,181.727272727273
0.667,6.667,70524.0,178.8
0.909,9.545,70538.0,189.0
1.2,12.0,70557.0,195.909090909091
1.3,11.8,70576.0,200.181818181818
1.667,12.556,70587.0,211.7
1.7,13.1,70593.0,225.545454545455
0.778,8.556,70598.0,233.8
0.3,4.8,70606.0,219.181818181818
1.3,10.7,70630.0,215.0
1.556,13.0,70632.0,214.7
2.0,16.444,70643.0,217.3
1.333,10.667,70656.0,217.5
1.0,13.364,70663.0,213.25
0.455,9.455,70675.0,209.833333333333
0.692,5.154,70678.0,209.214285714286
1.364,5.909,70678.0,210.833333333333
2.125,20.25,70682.0,212.555555555556
1.6,11.9,70688.0,218.727272727273
1.25,6.75,70696.0,218.444444444444
3.0,11.143,70705.0,226.75
0.889,4.111,70714.0,222.4
1.1,7.9,70721.0,222.363636363636
1.545,17.0,70719.0,227.416666666667
2.091,22.182,70720.0,218.0
2.583,17.917,70739.0,211.307692307692
2.6,13.5,70746.0,210.909090909091
1.4,8.8,70752.0,235.545454545455
0.667,2.778,70768.0,224.4
0.714,4.429,70776.0,213.5
1.556,8.889,70788.0,209.9
1.333,6.667,70793.0,221.6
1.9,14.4,70796.0,222.818181818182
1.1,9.3,70796.0,218.363636363636
0.889,7.444,70809.0,216.6
0.8,6.0,70812.0,214.727272727273
1.091,14.091,70812.0,217.916666666667
2.667,20.889,70821.0,222.1
2.444,13.111,70811.0,223.8
1.3,7.5,70815.0,219.363636363636
1.455,5.182,70820.0,214.25
1.0,5.182,70826.0,208.833333333333
0.875,7.625,70827.0,204.333333333333
1.875,14.5,70831.0,202.555555555556
1.636,13.091,70840.0,214.583333333333
1.545,15.727,70844.0,226.833333333333
1.4,11.2,70843.0,220.363636363636
1.727,7.818,70863.0,200.5
1.2,7.1,70869.0,192.909090909091
0.75,5.25,70875.0,192.555555555556
0.7,4.6,70885.0,194.454545454545
1.273,4.364,70900.0,192.416666666667
1.727,8.364,70894.0,187.833333333333
1.455,11.0,70899.0,190.083333333333
1.889,12.111,70896.0,188.0
1.333,7.889,70902.0,174.4
0.889,7.667,70904.0,180.1
1.625,11.375,70930.0,197.777777777778
1.273,5.545,70937.0,190.5
1.167,6.0,70940.0,179.307692307692
1.364,12.091,70948.0,179.416666666667
0.9,12.0,70949.0,246.727272727273
1.0,4.571,70952.0,276.375
0.5,11.0,70951.0,187.714285714286
0.125,3.875,70958.0,322.333333333333
0.5,7.833,70957.0,585.846153846154
0.667,9.833,70965.0,735.0
1.583,18.417,70967.0,705.923076923077
1.727,20.182,70975.0,714.0
1.375,13.5,70970.0,776.555555555556
0.75,6.75,70970.0,647.111111111111
0.111,4.444,70978.0,625.6
1.5,6.3,70988.0,691.545454545455
0.9,4.8,70983.0,496.727272727273
1.25,8.75,70985.0,250.230769230769
1.125,8.25,70992.0,205.222222222222
0.667,4.667,70996.0,206.428571428571
0.125,2.0,70995.0,198.666666666667
0.667,4.556,70996.0,184.7
1.0,5.0,71009.0,185.4
1.455,6.818,71006.0,202.833333333333
1.9,9.3,71017.0,215.727272727273
1.444,7.222,71022.0,215.1
1.5,8.25,71022.0,206.777777777778
1.111,10.444,71028.0,204.9
0.9,6.9,71034.0,201.090909090909
1.083,6.5,71038.0,193.461538461538
0.917,5.167,71040.0,187.461538461538
0.909,8.273,71044.0,178.25
1.182,10.182,71043.0,172.0
1.714,11.571,71042.0,169.0
1.0,4.571,71051.0,169.75
1.286,14.143,71054.0,178.25
1.333,11.833,71057.0,180.714285714286
0.778,6.111,71062.0,171.1
1.0,5.4,71064.0,391.0
1.364,11.182,71076.0,668.583333333333
1.0,8.222,71069.0,768.0
0.75,4.375,71075.0,764.222222222222
1.429,7.0,71078.0,766.5
2.5,9.25,71088.0,818.222222222222
2.0,7.7,71088.0,856.0
1.111,5.333,71093.0,919.8
0.909,1.818,71108.0,833.416666666667
0.5,4.333,71115.0,783.538461538462
0.182,3.273,71113.0,795.916666666667
1.0,12.0,71111.0,773.5
1.8,19.7,71111.0,754.363636363636
1.778,19.333,71109.0,766.5
1.091,13.455,71108.0,775.333333333333
0.833,4.333,71115.0,768.846153846154
1.0,4.4,71116.0,766.454545454545
0.8,4.4,71125.0,802.909090909091
0.6,2.9,71126.0,802.0
0.667,7.444,71127.0,769.6
1.111,10.111,71132.0,758.1
2.143,7.143,71130.0,616.25
1.444,6.778,71125.0,630.6
0.778,4.0,71127.0,727.4
0.182,0.727,71129.0,705.0
0.636,1.364,71125.0,672.5
0.909,1.727,71131.0,704.833333333333
1.0,7.2,71139.0,717.818181818182
1.111,8.667,71139.0,659.9
1.364,4.091,71142.0,588.0
1.25,4.0,71141.0,497.777777777778
0.286,2.286,71136.0,188.625
0.182,1.545,71134.0,322.666666666667
0.818,6.545,71135.0,562.583333333333
0.2,0.9,71143.0,662.545454545455
1.25,6.5,71149.0,665.888888888889
1.0,5.25,71154.0,668.111111111111
0.75,6.0,71164.0,601.444444444444
0.286,6.429,71167.0,412.625
0.571,6.714,71172.0,405.625
1.111,10.778,71172.0,580.5
0.636,5.0,71181.0,595.416666666667
0.583,4.167,71178.0,591.923076923077
0.667,5.25,71176.0,630.153846153846
0.909,9.182,71160.0,513.25
0.75,4.917,71158.0,454.846153846154
0.6,4.9,71163.0,530.0
1.0,4.889,71173.0,610.8
0.9,3.1,71174.0,637.636363636364
1.556,9.111,71180.0,740.2
0.5,7.0,71188.0,625.636363636364
0.545,3.273,71185.0,601.083333333333
0.6,3.2,71196.0,670.181818181818
0.5,2.417,71198.0,620.384615384615
1.0,4.222,71192.0,478.3
0.9,6.5,71192.0,534.272727272727
0.667,6.167,71195.0,605.692307692308
0.7,4.1,71196.0,580.636363636364
0.889,8.778,71194.0,584.9
0.375,6.125,71189.0,613.666666666667
0.182,1.636,71193.0,476.833333333333
1.0,4.846,71204.0,461.285714285714
0.7,3.2,71207.0,634.904761904762
0.789,3.684,71201.0,730.5
1.0,4.846,71204.0,793.0
0.583,3.083,71202.0,764.692307692308
0.25,2.333,71201.0,751.230769230769
0.5,4.214,71231.0,747.4
0.714,4.857,71246.0,733.866666666667
1.333,6.25,71254.0,758.692307692308
0.818,5.182,71262.0,781.333333333333
1.077,9.769,71267.0,759.5
0.692,6.692,71272.0,754.928571428571
0.2,1.4,71277.0,760.181818181818
0.818,4.091,71288.0,754.666666666667
0.538,3.538,71296.0,762.142857142857
0.25,2.667,71301.0,648.538461538462
0.818,4.545,71299.0,514.25
1.636,8.727,71307.0,629.666666666667
0.833,6.5,71313.0,713.846153846154
0.167,1.417,71314.0,707.076923076923
0.333,2.167,71328.0,694.615384615385
0.667,4.583,71340.0,665.923076923077
0.818,4.0,71362.0,632.166666666667
1.364,6.727,71374.0,605.5
0.813,5.063,71382.0,626.117647058824
0.364,2.364,71379.0,627.833333333333
0.417,3.667,71379.0,599.769230769231
0.917,8.167,71388.0,647.923076923077
1.091,5.273,71385.0,689.5
1.545,10.364,71381.0,716.75
1.692,9.846,71390.0,818.857142857143
1.5,4.917,71390.0,929.923076923077
1.5,3.8,71391.0,1016.18181818182
0.5,1.917,71390.0,1065.30769230769
0.364,3.0,71393.0,1020.91666666667
1.417,5.917,71399.0,1001.07692307692
1.154,4.923,71394.0,994.428571428571
1.417,4.25,71399.0,930.769230769231
1.455,5.0,71402.0,829.083333333333
0.667,2.75,71403.0,784.076923076923
0.417,0.917,71398.0,739.692307692308
0.818,2.727,71394.0,722.583333333333
1.0,5.0,71394.0,713.076923076923
1.0,6.083,71389.0,725.153846153846
0.9,4.5,71393.0,704.818181818182
1.25,4.333,71390.0,684.153846153846
1.083,3.417,71388.0,711.230769230769
0.5,4.583,71395.0,746.0
0.545,3.727,71405.0,763.5
0.6,3.2,71402.0,738.545454545455
1.0,2.25,71401.0,537.384615384615
1.25,7.167,71402.0,556.615384615385
1.455,7.455,71403.0,784.666666666667
0.75,2.833,71401.0,794.538461538462
0.167,2.083,71417.0,719.384615384615
0.167,0.5,71423.0,653.076923076923
1.0,2.417,71425.0,650.461538461538
0.917,2.167,71422.0,687.384615384615
0.9,5.5,71423.0,681.545454545455
1.083,8.25,71432.0,663.461538461538
1.071,6.5,71435.0,659.733333333333
0.167,1.0,71443.0,678.153846153846
0.25,1.917,71448.0,692.692307692308
0.818,9.818,71450.0,711.416666666667
1.6,12.5,71458.0,726.454545454545
1.364,6.182,71454.0,765.0
1.538,5.923,71455.0,819.071428571429
1.333,4.0,71459.0,864.923076923077
0.643,2.357,71466.0,784.466666666667
0.25,1.667,71469.0,714.384615384615
0.417,1.667,71469.0,709.692307692308
0.5,1.6,71479.0,776.272727272727
0.5,1.833,71483.0,707.461538461538
0.462,2.692,71481.0,615.785714285714
0.25,3.833,71483.0,515.230769230769
0.2,2.7,71472.0,445.090909090909
0.273,3.364,71475.0,438.166666666667
0.462,4.0,71478.0,425.857142857143
1.0,3.917,71474.0,446.230769230769
0.909,3.545,71473.0,487.583333333333
1.182,11.182,71471.0,496.583333333333
0.667,9.917,71468.0,522.692307692308
0.182,2.455,71470.0,544.75
1.083,5.333,71477.0,594.615384615385
1.25,9.667,71474.0,665.692307692308
0.818,7.636,71475.0,706.5
0.417,3.417,71477.0,680.615384615385
0.833,8.5,71478.0,647.692307692308
0.667,8.583,71481.0,652.230769230769
0.2,0.7,71486.0,662.181818181818
0.8,5.2,71480.0,663.909090909091
0.846,5.385,71479.0,635.428571428571
1.083,5.833,71485.0,629.923076923077
1.818,11.545,71484.0,741.166666666667
1.083,8.917,71489.0,788.153846153846
0.833,3.583,71482.0,809.230769230769
0.545,2.364,71481.0,830.0
0.455,3.545,71493.0,773.5
0.909,5.545,71493.0,477.666666666667
0.909,2.636,71503.0,447.333333333333
0.714,2.5,71502.0,618.2
0.583,4.167,71504.0,720.923076923077
1.273,9.545,71518.0,704.083333333333
0.538,2.538,71524.0,710.142857142857
0.538,2.308,71524.0,720.428571428571
0.909,6.364,71528.0,742.25
1.0,3.917,71532.0,755.923076923077
1.727,5.636,71544.0,791.833333333333
1.143,4.643,71537.0,814.466666666667
0.833,2.667,71529.0,816.923076923077
0.545,2.182,71533.0,794.916666666667
0.818,3.545,71540.0,728.166666666667
0.833,2.833,71549.0,724.307692307692
0.583,0.583,71556.0,756.769230769231
1.083,3.333,71563.0,676.538461538462
1.636,6.273,71560.0,648.333333333333
0.545,3.0,71571.0,448.583333333333
0.5,1.571,71582.0,336.2
0.818,1.0,71601.0,397.833333333333
0.545,1.909,71598.0,567.416666666667
0.846,3.846,71600.0,561.857142857143
0.833,5.083,71596.0,586.384615384615
0.636,4.727,71596.0,540.166666666667
0.727,3.364,71594.0,484.416666666667
0.25,1.333,71598.0,481.384615384615
0.545,1.909,71601.0,467.0
0.583,1.833,71600.0,475.769230769231
0.615,2.154,71597.0,476.571428571429
0.0,0.0,71598.99145299145,0.0
0.0,0.0,71600.9829059829,0.0
0.0,0.0,71602.97435897436,0.0
0.0,0.0,71604.96581196581,0.0
0.0,0.0,71606.95726495727,0.0
0.0,0.0,71608.94871794872,0.0
0.0,0.0,71610.94017094017,0.0
0.0,0.0,71612.93162393162,0.0
0.0,0.0,71614.92307692308,0.0
0.0,0.0,71616.91452991453,0.0
0.0,0.0,71618.90598290598,0.0
0.0,0.0,71620.89743589744,0.0
0.0,0.0,71622.88888888889,0.0
0.0,0.0,71624.88034188034,0.0
0.0,0.0,71626.8717948718,0.0
0.0,0.0,71628.86324786325,0.0
0.0,0.0,71630.8547008547,0.0
0.0,0.0,71632.84615384616,0.0
0.0,0.0,71634.83760683761,0.0
0.0,0.0,71636.82905982906,0.0
0.0,0.0,71638.82051282052,0.0
0.0,0.0,71640.81196581197,0.0
0.0,0.0,71642.80341880342,0.0
0.0,0.0,71644.79487179487,0.0
0.0,0.0,71646.78632478633,0.0
0.0,0.0,71648.77777777778,0.0
0.0,0.0,71650.76923076923,0.0
0.0,0.0,71652.76068376069,0.0
0.0,0.0,71654.75213675214,0.0
0.0,0.0,71656.7435897436,0.0
0.0,0.0,71658.73504273505,0.0
0.0,0.0,71660.7264957265,0.0
0.0,0.0,71662.71794871795,0.0
0.0,0.0,71664.7094017094,0.0
0.0,0.0,71666.70085470086,0.0
0.0,0.0,71668.69230769231,0.0
0.0,0.0,71670.68376068377,0.0
0.0,0.0,71672.67521367522,0.0
0.0,0.0,71674.66666666667,0.0
0.0,0.0,71676.65811965812,0.0
0.0,0.0,71678.64957264958,0.0
0.0,0.0,71680.64102564103,0.0
0.0,0.0,71682.63247863248,0.0
0.0,0.0,71684.62393162394,0.0
0.0,0.0,71686.61538461539,0.0
0.0,0.0,71688.60683760684,0.0
0.0,0.0,71690.5982905983,0.0
0.0,0.0,71692.58974358975,0.0
0.0,0.0,71694.5811965812,0.0
0.0,0.0,71696.57264957266,0.0
0.0,0.0,71698.56410256411,0.0
0.0,0.0,71700.55555555556,0.0
0.0,0.0,71702.54700854702,0.0
0.0,0.0,71704.53846153847,0.0
0.0,0.0,71706.52991452992,0.0
0.0,0.0,71708.52136752137,0.0
0.0,0.0,71710.51282051283,0.0
0.0,0.0,71712.50427350428,0.0
0.0,0.0,71714.49572649572,0.0
0.0,0.0,71716.48717948717,0.0
0.0,0.0,71718.47863247863,0.0
0.0,0.0,71720.47008547008,0.0
0.0,0.0,71722.46153846153,0.0
0.0,0.0,71724.45299145298,0.0
0.0,0.0,71726.44444444444,0.0
0.0,0.0,71728.43589743589,0.0
0.0,0.0,71730.42735042734,0.0
0.0,0.0,71732.4188034188,0.0
0.0,0.0,71734.41025641025,0.0
0.0,0.0,71736.4017094017,0.0
0.0,0.0,71738.39316239316,0.0
0.0,0.0,71740.38461538461,0.0
0.0,0.0,71742.37606837606,0.0
0.0,0.0,71744.36752136752,0.0
0.0,0.0,71746.35897435897,0.0
0.0,0.0,71748.35042735042,0.0
0.0,0.0,71750.34188034188,0.0
0.0,0.0,71752.33333333333,0.0
0.0,0.0,71754.32478632478,0.0
0.0,0.0,71756.31623931623,0.0
0.0,0.0,71758.30769230769,0.0
0.0,0.0,71760.29914529914,0.0
0.0,0.0,71762.2905982906,0.0
0.0,0.0,71764.28205128205,0.0
0.0,0.0,71766.2735042735,0.0
0.0,0.0,71768.26495726495,0.0
0.0,0.0,71770.2564102564,0.0
0.0,0.0,71772.24786324786,0.0
0.0,0.0,71774.23931623931,0.0
0.0,0.0,71776.23076923077,0.0
0.0,0.0,71778.22222222222,0.0
0.0,0.0,71780.21367521367,0.0
0.0,0.0,71782.20512820513,0.0
0.0,0.0,71784.19658119658,0.0
0.0,0.0,71786.18803418803,0.0
0.0,0.0,71788.17948717948,0.0
0.0,0.0,71790.17094017094,0.0
0.0,0.0,71792.16239316239,0.0
0.0,0.0,71794.15384615384,0.0
0.0,0.0,71796.1452991453,0.0
0.0,0.0,71798.13675213675,0.0
0.0,0.0,71800.1282051282,0.0
0.0,0.0,71802.11965811966,0.0
0.0,0.0,71804.11111111111,0.0
0.0,0.0,71806.10256410256,0.0
0.0,0.0,71808.09401709402,0.0
0.0,0.0,71810.08547008547,0.0
0.0,0.0,71812.07692307692,0.0
0.0,0.0,71814.06837606838,0.0
0.0,0.0,71816.05982905983,0.0
0.0,0.0,71818.05128205128,0.0
0.0,0.0,71820.04273504273,0.0
0.0,0.0,71822.03418803419,0.0
0.0,0.0,71824.02564102564,0.0
0.0,0.0,71826.0170940171,0.0
0.0,0.0,71828.00854700855,0.0
0.5,3.5,71830.0,400.2
0.444,2.667,71831.0,409.4
0.545,5.091,71827.0,443.25
0.538,3.462,71823.0,470.857142857143
0.583,3.083,71820.0,491.307692307692
0.455,1.727,71819.0,545.083333333333
0.417,1.833,71827.0,603.230769230769
0.364,2.909,71826.0,676.5
0.545,3.0,71821.0,697.166666666667
