index,32,64,128,256
0.1,"[0.81152753 3.45595767 0.25316839 0.58730674 0.60766463 0.56169593
 0.4683713  0.35926184 0.26599295 0.21642163 0.20447923 0.20080811
 0.18612983 0.16290668 0.14121266 0.12962838 0.13086895 0.13905132
 0.14473873 0.14124454 0.12893009 0.11305073 0.09970018 0.09187962
 0.08846949 0.08610377 0.08238249 0.0771981  0.07236471 0.06978533
 0.06980146 0.07046456 0.07021508 0.06799508 0.06379452 0.05935241
 0.0554909  0.05270168 0.05103202 0.05040529 0.05081355 0.05117747
 0.05082759 0.04893032 0.04651575 0.04473716 0.0441384  0.04420199
 0.04383274 0.04277572 0.04157466 0.04067434 0.04030511 0.04011284
 0.03948754 0.03842428 0.03799804 0.03762105 0.03718954 0.0369059
 0.0361684  0.03523944 0.03467339 0.03415988 0.03365753 0.03340425
 0.03319768 0.03295172 0.03266494 0.03226109 0.03181084 0.03149664
 0.03134688 0.03116337 0.03090465 0.03068191 0.03050876 0.0303305
 0.03013245 0.02995065 0.02979003 0.02961117 0.02940773 0.02923152
 0.02906447 0.02887377 0.02866987 0.02848717 0.02830998 0.02810927
 0.02784956 0.02754764 0.02730657 0.02704109 0.0266499  0.02636037
 0.02598897 0.02570611 0.02534249 0.02496601 0.02464254 0.02440307
 0.02417767 0.02351682 0.02350733 0.02281957 0.02264495 0.02231796
 0.02180927 0.02164818 0.02125017 0.02082343 0.02062925 0.02027562
 0.01997921 0.01976632 0.01947229 0.01917996 0.0189976  0.01872587
 0.01842404 0.01818097 0.01784804 0.01760195 0.01730067 0.01711735
 0.01692049 0.01669811 0.01647074 0.01622674 0.01593211 0.01567916
 0.01545223 0.01487692 0.01451413 0.0140569  0.01368144 0.01321462
 0.01278312 0.01238403 0.01190472 0.01144094 0.01098976 0.01048523
 0.00999852 0.0095496  0.0091362  0.00867631 0.00831684 0.007865
 0.00750373 0.00714993 0.00679038 0.00647613 0.00617637 0.005942
 0.00571716 0.00552746 0.00538012 0.00524811 0.00517701 0.00508683
 0.00502813 0.00498375 0.00494727 0.00492096 0.00489356 0.00487152
 0.00485137 0.00481148 0.00478566 0.00474482 0.00469539 0.00464228
 0.00457004 0.00449025 0.00440054 0.00433854 0.00428348 0.00424179
 0.00422123 0.00421557 0.00422708 0.0041875  0.00416835 0.00415087
 0.00410422 0.00411282 0.00418203 0.00438844 0.0045479  0.00458729
 0.00430512 0.00414877 0.00417274 0.00422025 0.00444348 0.00440466
 0.00446312 0.0048746 ]","[ 0.78274738 14.52783481  0.96721198  1.8470386   1.43414371  1.33395318
  1.15189713  0.97175171  0.81656459  0.68707716  0.5833203   0.52232957
  0.47244408  0.41751244  0.35973761  0.30036823  0.25132068  0.21448616
  0.18925251  0.17205421  0.15859785  0.14329546  0.12802911  0.11556055
  0.10832343  0.10670133  0.10859248  0.11058748  0.10973421  0.1053886
  0.09962507  0.09515543  0.0931006   0.09232486  0.09021407  0.08586891
  0.08085249  0.0769209   0.07473709  0.07386365  0.07306734  0.07151121
  0.06940653  0.06754306  0.06655596  0.06636419  0.06641503  0.06611489
  0.06497941  0.06327715  0.06159103  0.06034907  0.05951723  0.05870496
  0.05759118  0.05617578  0.05475436  0.05363806  0.05292802  0.05245835
  0.05188219  0.05110333  0.0503125   0.04973405  0.04935931  0.04897212
  0.04839801  0.04768924  0.04702563  0.04642757  0.0457175   0.04480926
  0.0438753   0.04316621  0.04258218  0.04188904  0.04117291  0.04054772
  0.03998971  0.03941409  0.03880743  0.03822756  0.03767744  0.03711334
  0.0365015   0.03590496  0.0353324   0.03477295  0.03419442  0.03364366
  0.0331511   0.03268667  0.03222811  0.03180393  0.0314316   0.03108509
  0.03074363  0.03041998  0.03011858  0.02981845  0.02950976  0.02920231
  0.02890234  0.02860376  0.02831284  0.02804458  0.02780324  0.02758573
  0.02739375  0.0272266   0.02707471  0.02693048  0.02679357  0.02666342
  0.02653831  0.02641599  0.02629246  0.02616454  0.02603215  0.02589773
  0.02576363  0.02562939  0.02549677  0.02536585  0.02523406  0.02509986
  0.02496392  0.02482754  0.02469375  0.02456696  0.024448    0.02433006
  0.02420398  0.02407031  0.02393986  0.02381638  0.02369443  0.02356497
  0.02344715  0.02334415  0.02322928  0.02311262  0.02297759  0.02279284
  0.02257718  0.02228532  0.0219446   0.02151801  0.02101566  0.02055317
  0.02034752  0.02091613  0.02037672  0.01989292  0.01968062  0.0197191
  0.01970917  0.01903341  0.01930422  0.01926893  0.01870482  0.0190647
  0.01845004  0.01877771  0.01822641  0.01840806  0.01809743  0.01813432
  0.01796764  0.01790366  0.01788195  0.01768721  0.01775216  0.01755776
  0.01757124  0.01748085  0.01739524  0.01740777  0.01730753  0.01737599
  0.01772202  0.01806129  0.01746147  0.0175179   0.01752287  0.01721676
  0.01727387  0.01716295  0.01712784  0.01702433  0.01701981  0.01694395
  0.01715683  0.01691026  0.01713864  0.01693524  0.01703723  0.0169785
  0.01685116  0.01682123]","[7.35584398e-01 5.77175086e+01 4.90029911e+00 4.88961852e+00
 5.77428969e+00 7.84334664e+00 6.52790656e+00 3.87890450e+00
 1.75131305e+00 9.51621463e-01 6.05255425e-01 4.73194184e-01
 3.74891572e-01 3.04556583e-01 4.65236160e-01 1.02201024e+00
 1.27226799e+00 1.06815174e+00 3.61361726e-01 4.39732684e-01
 3.88424226e-01 2.50631064e-01 2.36367376e-01 2.24342567e-01
 1.58872479e-01 1.68473867e-01 2.00910329e-01 1.48830221e-01
 1.33367253e-01 1.55325209e-01 1.42683119e-01 1.23379529e-01
 1.30648119e-01 1.30203541e-01 1.05385608e-01 1.25064587e-01
 8.67951705e-02 7.99946512e-02 7.22279480e-02 6.61834199e-02
 6.31871882e-02 6.90928462e-02 6.21573366e-02 6.40169978e-02
 6.68267117e-02 5.86634874e-02 6.27833729e-02 5.73227061e-02
 5.40602958e-02 5.48625995e-02 5.33358753e-02 5.04840467e-02
 5.07019466e-02 5.01934908e-02 4.89920030e-02 4.96655529e-02
 4.93474013e-02 4.79137575e-02 4.81728160e-02 4.68273003e-02
 4.55870631e-02 4.53591736e-02 4.46694543e-02 4.42586672e-02
 4.40005691e-02 4.38274633e-02 4.32019847e-02 4.34349271e-02
 4.29888422e-02 4.26575219e-02 4.23558516e-02 4.18205851e-02
 4.16911674e-02 4.11929376e-02 4.09645081e-02 4.06823028e-02
 4.03666271e-02 4.01072387e-02 3.99804137e-02 3.95919156e-02
 3.94240174e-02 3.90044997e-02 3.86468919e-02 3.81568388e-02
 3.75645641e-02 3.66429360e-02 3.53943685e-02 3.46896469e-02
 3.51852187e-02 3.31660009e-02 3.23502996e-02 3.22702428e-02
 3.15263373e-02 3.00763028e-02 2.96482413e-02 2.95442676e-02
 2.83822260e-02 2.80130537e-02 2.79262119e-02 2.71808305e-02
 2.65009934e-02 2.65123169e-02 2.58349915e-02 2.52934570e-02
 2.52044311e-02 2.46749659e-02 2.41910340e-02 2.40760931e-02
 2.36057230e-02 2.32098363e-02 2.30389572e-02 2.26108018e-02
 2.22338592e-02 2.20560180e-02 2.16861681e-02 2.13615907e-02
 2.11441396e-02 2.08174525e-02 2.04602194e-02 2.01821472e-02
 1.98771881e-02 1.95416166e-02 1.92921944e-02 1.90622596e-02
 1.87452196e-02 1.84158416e-02 1.81681486e-02 1.79451342e-02
 1.76690274e-02 1.73548489e-02 1.70807498e-02 1.68575485e-02
 1.66219448e-02 1.63524935e-02 1.61017588e-02 1.58868008e-02
 1.56702322e-02 1.54313959e-02 1.51912259e-02 1.49782538e-02
 1.47802957e-02 1.45713904e-02 1.43573972e-02 1.41500531e-02
 1.39340123e-02 1.38459594e-02 1.35854502e-02 1.34082589e-02
 1.32495081e-02 1.30888907e-02 1.29279003e-02 1.27887561e-02
 1.26454425e-02 1.25053237e-02 1.23643328e-02 1.22265036e-02
 1.20965854e-02 1.19600551e-02 1.18324923e-02 1.17112976e-02
 1.15933457e-02 1.14817850e-02 1.13735692e-02 1.12725823e-02
 1.11702616e-02 1.10704460e-02 1.09756511e-02 1.08840402e-02
 1.08004164e-02 1.07236432e-02 1.06671298e-02 1.06000515e-02
 1.06070691e-02 1.06847196e-02 1.09193219e-02 1.05951942e-02
 1.03635874e-02 1.03220025e-02 1.03193447e-02 1.02098975e-02
 1.00674973e-02 9.99108586e-03 9.96464596e-03 1.00190421e-02
 1.02230593e-02 1.03660149e-02 1.03629222e-02 9.84937919e-03
 1.02300259e-02 9.86125289e-03 9.82618763e-03 1.02428031e-02
 1.03311551e-02 9.56114327e-03 1.02931638e-02 9.73927920e-03
 9.84338446e-03 9.78992716e-03 9.48221706e-03 9.72326787e-03]","[7.42796560e-01 2.07413610e+02 1.97063820e+01 1.47503135e+01
 4.82626521e+01 5.74454966e+01 4.27366473e+01 1.82795223e+01
 1.47392696e+01 1.02657482e+01 1.38391150e+01 1.91386007e+01
 1.75827408e+01 1.27047820e+01 6.97182020e+00 3.12822032e+00
 2.59045565e+00 4.19610104e+00 6.87841601e+00 7.95973561e+00
 5.96695984e+00 3.70358801e+00 2.13085947e+00 1.89402876e+00
 2.57718727e+00 3.13118331e+00 3.06069699e+00 2.46414288e+00
 1.98874806e+00 1.34418450e+00 1.31791221e+00 1.79681121e+00
 1.66320431e+00 1.49326688e+00 1.03208858e+00 7.38806199e-01
 7.11301617e-01 8.91975311e-01 1.00624621e+00 9.22199709e-01
 7.03858721e-01 5.07054879e-01 4.69712834e-01 5.61533232e-01
 6.31183599e-01 5.85603102e-01 4.79615555e-01 3.86264029e-01
 3.27572808e-01 3.44356187e-01 3.61786559e-01 4.16860372e-01
 5.12608185e-01 3.85750540e-01 2.84450630e-01 3.50764705e-01
 3.14489301e-01 3.48995638e-01 2.61784683e-01 2.03195310e-01
 2.09067009e-01 2.26094880e-01 2.06023169e-01 1.86190801e-01
 1.67615155e-01 1.57247259e-01 1.57776106e-01 1.64597495e-01
 1.59232376e-01 1.42458038e-01 1.30461503e-01 1.29419769e-01
 1.86313731e-01 2.25205657e-01 1.95487535e-01 1.97787315e-01
 3.65530004e-01 1.90680503e-01 2.04214163e-01 2.68987761e-01
 1.57744180e-01 1.41783529e-01 1.79153634e-01 1.72888890e-01
 1.80825168e-01 1.47371280e-01 1.49085409e-01 1.34123471e-01
 1.29274769e-01 1.18086391e-01 1.20694553e-01 1.25421529e-01
 1.33578056e-01 1.22272181e-01 1.15564893e-01 1.10130601e-01
 1.13172352e-01 1.09237196e-01 1.11473530e-01 1.08971966e-01
 1.18506872e-01 1.07643494e-01 1.09671606e-01 1.22570505e-01
 1.09517343e-01 1.10266590e-01 1.02642452e-01 9.76463001e-02
 9.52417562e-02 9.29034483e-02 9.20268598e-02 8.87863642e-02
 8.91719125e-02 8.72674246e-02 8.82298599e-02 8.69550913e-02
 8.79611786e-02 8.69949547e-02 8.67070276e-02 8.52667509e-02
 8.38387652e-02 8.40590068e-02 8.39578100e-02 8.45337625e-02
 8.62847219e-02 9.08762313e-02 9.10732665e-02 9.83053362e-02
 1.07606474e-01 8.99214099e-02 8.87078140e-02 8.72208613e-02
 8.73668188e-02 8.61486370e-02 8.67375800e-02 8.86146181e-02
 8.93326905e-02 8.86068912e-02 8.99536638e-02 9.21975157e-02
 9.72433308e-02 1.05347652e-01 1.46512152e-01 1.82208449e-01
 1.48177228e-01 1.61883426e-01 1.28292847e-01 1.37180211e-01
 1.36649469e-01 1.78335353e-01 1.60680708e-01 1.76172590e-01
 1.55572543e-01 1.24426231e-01 1.64426768e-01 1.26872991e-01
 1.27875597e-01 1.10316246e-01 1.02884556e-01 1.04530791e-01
 1.11386533e-01 1.09590163e-01 1.02067437e-01 9.47333079e-02
 9.76508909e-02 9.87814455e-02 9.92340020e-02 1.10229768e-01
 5.45181522e-01 1.07461228e+00 1.37930550e-01 3.98137800e-01
 1.70845701e-01 2.81597396e-01 1.68755646e-01 1.57804849e-01
 1.18884422e-01 1.66082167e-01 1.22983900e-01 1.77806919e-01
 1.52893677e-01 1.74570107e-01 1.60163152e-01 2.08561055e-01
 1.60571425e-01 1.30418163e-01 1.25290462e-01 1.17339223e-01
 1.15458903e-01 1.15239758e-01 1.09589010e-01 1.07460911e-01
 1.10166890e-01 1.07364457e-01 1.14233788e-01 9.87702226e-02
 9.63709361e-02 9.33093502e-02 9.51583789e-02 9.63984737e-02]"
0.01,"[0.63492217 0.26849493 0.12983676 0.15794258 0.1484977  0.11195921
 0.08886974 0.08115966 0.07940192 0.0764171  0.07155449 0.06765587
 0.06355031 0.05832539 0.05226736 0.0457846  0.0423798  0.04344301
 0.04530339 0.04484906 0.04260901 0.0401098  0.03783574 0.03560916
 0.03372602 0.03273648 0.0325124  0.03242096 0.031757   0.03041404
 0.02905403 0.02802057 0.02713688 0.02638214 0.02566338 0.02480906
 0.02414518 0.02344867 0.02238432 0.02160534 0.0211434  0.0203485
 0.01935823 0.01868665 0.01812451 0.0171548  0.01649183 0.01562115
 0.01496471 0.01459131 0.01390404 0.0129064  0.01231828 0.01192197
 0.0113212  0.01072137 0.01038581 0.01020756 0.0097369  0.0093577
 0.0091139  0.00865229 0.00830892 0.00828386 0.00806326 0.00786321
 0.00769499 0.00758536 0.00723939 0.00715658 0.00714039 0.00697044
 0.00689246 0.00678141 0.00671099 0.00660086 0.00647165 0.00640428
 0.00632185 0.00624754 0.00620703 0.00612367 0.00607026 0.00600842
 0.00595371 0.00588989 0.00582381 0.00577014 0.00570738 0.00566659
 0.00560281 0.00555614 0.00549996 0.00544618 0.00541065 0.00536252
 0.0053292  0.00528438 0.00524101 0.0051981  0.00515638 0.00511895
 0.00508133 0.00504455 0.00501086 0.00497621 0.00494335 0.00491087
 0.00487926 0.00485043 0.00482058 0.00479285 0.0047623  0.0047333
 0.0047049  0.00467875 0.00465787 0.00463688 0.00462872 0.00459136
 0.00456373 0.00453015 0.00450788 0.00449336 0.00447271 0.00445061
 0.00442135 0.00440008 0.00438401 0.00436565 0.00434542 0.00431959
 0.00429784 0.00428067 0.00426412 0.00424733 0.00422496 0.00420385
 0.00418509 0.00416842 0.00415279 0.00413473 0.0041163  0.00409659
 0.00407778 0.00405977 0.00404234 0.00402539 0.00400893 0.00399359
 0.00397922 0.00396973 0.0039564  0.00395114 0.00392021 0.00389412
 0.00387244 0.00385839 0.00384962 0.00383426 0.00381757 0.00379433
 0.00377435 0.00375645 0.00374055 0.00372656 0.0037143  0.00370703
 0.00369629 0.00369132 0.00366778 0.0036679  0.00369991 0.00384029
 0.00364069 0.00377335 0.0036296  0.00370208 0.00357598 0.00362757
 0.0035685  0.00354656 0.00359085 0.00349641 0.00353037 0.00347987
 0.00348636 0.0034291  0.00343893 0.00339212 0.00340788 0.00336659
 0.00336916 0.00332824 0.00332815 0.00330619 0.00329153 0.00328894
 0.00325359 0.00325175]","[0.81777147 0.2428629  0.19113565 0.12261413 0.09593503 0.10115582
 0.10290986 0.08984889 0.07293513 0.06329996 0.05444104 0.05136515
 0.05379867 0.05463636 0.0526667  0.04802377 0.04176912 0.03705611
 0.03617179 0.03769558 0.03812088 0.03622755 0.03364863 0.03154787
 0.02974329 0.02851454 0.02754041 0.02584402 0.02399412 0.0234747
 0.02349166 0.02173922 0.01945781 0.01909366 0.01876614 0.01707321
 0.01667389 0.01660902 0.01558494 0.01472849 0.01352356 0.01316999
 0.01263325 0.0116461  0.01217613 0.01135957 0.01122615 0.01091563
 0.0107705  0.01023657 0.01015026 0.00965173 0.00936591 0.00928843
 0.0090578  0.00899475 0.00870339 0.00849491 0.00846818 0.00823074
 0.00815293 0.00790681 0.00774677 0.00765473 0.00754249 0.00747451
 0.00729119 0.00725029 0.00710104 0.00703506 0.00690824 0.00680877
 0.00671964 0.00666826 0.00655946 0.0064912  0.00638535 0.00634269
 0.00627142 0.00621835 0.00621076 0.00630084 0.00634218 0.00602978
 0.00618095 0.00593157 0.00597549 0.00579376 0.00584439 0.00570527
 0.00572358 0.00561671 0.00564147 0.00551128 0.00553679 0.00542471
 0.00543915 0.00534126 0.00534544 0.00527012 0.00526776 0.00519582
 0.00518926 0.00512263 0.00511171 0.00505587 0.00504056 0.00499326
 0.00497617 0.00492979 0.00490669 0.00487388 0.00483845 0.00481625
 0.00477658 0.00475532 0.00472455 0.00469223 0.00467238 0.00463819
 0.00462513 0.00470734 0.00518258 0.00510157 0.00453008 0.00485999
 0.00449338 0.00472974 0.00444802 0.00462096 0.00439637 0.00454634
 0.0043495  0.00446206 0.00431712 0.0043978  0.00432442 0.00443464
 0.00444716 0.00454251 0.00430742 0.00437298 0.00456923 0.00465413
 0.00447471 0.00438521 0.00453946 0.00427924 0.00430359 0.00416045
 0.00423482 0.00418909 0.00411176 0.00408835 0.0040652  0.00409376
 0.00397059 0.00401268 0.00395082 0.00397306 0.00389361 0.00390981
 0.00389057 0.00385288 0.00384    0.00381716 0.00381442 0.00377493
 0.00375983 0.00376096 0.00372016 0.003715   0.00368216 0.00368107
 0.00365944 0.00363322 0.00362861 0.0036107  0.00359285 0.0035786
 0.00355961 0.00354946 0.0035374  0.00351645 0.0035021  0.00349001
 0.00347271 0.00345734 0.00344381 0.00342589 0.00341222 0.00340802
 0.00341237 0.00342923 0.0033776  0.00337144 0.00341746 0.00341136
 0.00340941 0.00351081]","[0.67118873 0.1524934  0.54595339 0.15096233 0.14168669 0.14561857
 0.13116804 0.12244613 0.10759738 0.08678754 0.08030506 0.07131841
 0.05975165 0.05249941 0.05297323 0.05318918 0.04893713 0.04340494
 0.03905057 0.03659573 0.03541115 0.03362396 0.03299731 0.03237632
 0.03035802 0.02858665 0.02711322 0.02519464 0.02406395 0.02377617
 0.02208099 0.0203063  0.02166292 0.02091691 0.0188057  0.01963654
 0.01834798 0.01768799 0.01769433 0.01695162 0.01679121 0.01601119
 0.01611206 0.01523756 0.01547384 0.01481639 0.01483774 0.01424085
 0.0140009  0.01380112 0.01338969 0.01314135 0.01312603 0.01278463
 0.01253807 0.01256073 0.01212464 0.01206623 0.01183435 0.0116899
 0.01149609 0.01132609 0.01117999 0.01095987 0.0107275  0.01063469
 0.01034278 0.01018375 0.00995764 0.00973691 0.00956919 0.0093123
 0.0090899  0.00875326 0.00850371 0.00815201 0.00781346 0.00739002
 0.00700656 0.00653592 0.00629481 0.00663765 0.00836634 0.00654659
 0.00652019 0.00605062 0.00655448 0.00577294 0.00627383 0.00608784
 0.00573969 0.00600742 0.00582665 0.00537475 0.00566764 0.00534573
 0.00517979 0.00526457 0.00508232 0.00501042 0.00512232 0.00486133
 0.00498644 0.00486791 0.00475526 0.00480719 0.00462599 0.00466052
 0.0046126  0.00452844 0.0045941  0.00461036 0.00464383 0.00452468
 0.00442119 0.00437678 0.00437573 0.00430395 0.0042645  0.00426881
 0.00420809 0.00415344 0.00421893 0.00414812 0.00412683 0.00401778
 0.00401689 0.0040184  0.00392561 0.00393348 0.00388913 0.00383166
 0.00383129 0.0037928  0.00374226 0.00375941 0.00373178 0.0037154
 0.00368622 0.00365148 0.00361416 0.0035899  0.00355136 0.0035261
 0.00350823 0.00358072 0.00352363 0.00348401 0.00345375 0.00354053
 0.0035722  0.00355157 0.00351588 0.00347516 0.00343447 0.00339954
 0.0033246  0.00332941 0.00332479 0.00339817 0.00372862 0.00348089
 0.00341043 0.00341179 0.00333788 0.00329859 0.00328914 0.00325435
 0.00322478 0.00320665 0.00318901 0.00319819 0.00317376 0.00326058
 0.00364382 0.00502332 0.00511318 0.00316224 0.00417629 0.0034724
 0.00392617 0.00351129 0.00339937 0.00355858 0.00328174 0.00349675
 0.00317192 0.00335943 0.00342452 0.00312763 0.00326324 0.00308473
 0.00315437 0.00308509 0.00297125 0.0031088  0.00328491 0.00375976
 0.00381193 0.00287649]","[0.741991   3.22018621 0.54175465 0.81314768 0.37216331 0.3135584
 0.25817965 0.15449863 0.16474492 0.18622678 0.15233776 0.13421014
 0.14156335 0.14163749 0.12368116 0.13178026 0.12760076 0.12234326
 0.12502758 0.11739217 0.11088002 0.11317611 0.11407509 0.1465296
 0.19847506 0.20169695 0.1630861  0.12820124 0.12110072 0.13693353
 0.16034377 0.16762106 0.15199162 0.12918301 0.11639634 0.11192162
 0.11943467 0.12666567 0.12543299 0.11890481 0.10881996 0.09954206
 0.09740805 0.09792678 0.10192747 0.10271079 0.10032316 0.09542876
 0.0892969  0.08588783 0.08417179 0.08420812 0.08361957 0.08990836
 0.09292232 0.07727332 0.08487777 0.07832291 0.07618947 0.08097828
 0.07109119 0.07610957 0.07204481 0.06893655 0.07211552 0.06613329
 0.06975247 0.0673589  0.06628459 0.06580854 0.06359512 0.06689175
 0.06259364 0.06469017 0.06229259 0.06161461 0.06209358 0.05948448
 0.06007229 0.05865711 0.05827622 0.05839366 0.05619126 0.05680011
 0.05514391 0.0545869  0.0538889  0.05293943 0.05232526 0.05111906
 0.05032846 0.04909325 0.0484826  0.04773185 0.04759035 0.04851846
 0.05396377 0.05352986 0.05049454 0.04986317 0.04731038 0.0509894
 0.04693234 0.04772915 0.04670322 0.04492154 0.04638849 0.04387781
 0.04528969 0.04335124 0.04350399 0.04260149 0.04210401 0.04180001
 0.04107297 0.04145965 0.04047612 0.04050656 0.03985658 0.03952583
 0.03930558 0.03873868 0.03886285 0.03801472 0.03813798 0.03744379
 0.03741813 0.03691758 0.03698937 0.03640042 0.03642148 0.03603275
 0.03596006 0.035685   0.03564401 0.03531915 0.03502095 0.0350638
 0.03469861 0.0344906  0.03439689 0.03408932 0.03398474 0.03381482
 0.03354768 0.03342329 0.03323814 0.03299233 0.03283215 0.03263347
 0.03252775 0.03236049 0.03211632 0.03194896 0.03177972 0.03162906
 0.03142598 0.03119917 0.03101436 0.03084601 0.03074408 0.03085276
 0.03139508 0.03111227 0.03031105 0.03042645 0.03052552 0.03058902
 0.03076164 0.03007607 0.02974158 0.02925591 0.03005676 0.0289678
 0.03010828 0.02818678 0.0285671  0.02833308 0.027651   0.02782747
 0.02735122 0.02669623 0.02703253 0.02665072 0.02613548 0.0258828
 0.02560509 0.02560743 0.02531502 0.02502782 0.02484398 0.02445698
 0.02419596 0.02411173 0.02388234 0.02365946 0.02348154 0.02310424
 0.02285433 0.0226435 ]"
0.001,"[0.72008431 0.67774602 0.63710843 0.59801987 0.56035158 0.52400591
 0.48890702 0.45499252 0.4222146  0.39054595 0.35998737 0.33057274
 0.30236807 0.27546903 0.24999996 0.2261134  0.20398815 0.18382514
 0.1658378  0.15023169 0.13716429 0.12667594 0.118596   0.11248681
 0.1077353  0.10376463 0.1001898  0.09683272 0.09365062 0.09065956
 0.08788187 0.08530925 0.08289026 0.0805524  0.07823618 0.07591413
 0.0735919  0.07129842 0.06907015 0.0669325  0.06488415 0.06289458
 0.06092032 0.05893182 0.05693545 0.05497836 0.05313264 0.05146474
 0.05000582 0.04874085 0.04762182 0.04659157 0.04560228 0.04462397
 0.0436477  0.04268707 0.04177506 0.04094898 0.04022419 0.03957342
 0.03893619 0.0382607  0.03754327 0.03682988 0.03617993 0.03562001
 0.035124   0.03463839 0.03412868 0.03360222 0.03309113 0.03261715
 0.03217113 0.03172374 0.03125382 0.03076499 0.03027788 0.02981106
 0.02936851 0.02894109 0.02851691 0.02809049 0.02766423 0.02724351
 0.02683076 0.02642336 0.02601617 0.02560609 0.02519477 0.02478768
 0.02439035 0.02400463 0.02362767 0.0232543  0.02288121 0.02250976
 0.02214552 0.02179484 0.02146059 0.0211406  0.02083024 0.0205275
 0.02023525 0.01995828 0.01969858 0.01945394 0.01922021 0.01899415
 0.01877429 0.01855981 0.01834913 0.01813958 0.01792849 0.01771455
 0.01749851 0.01728265 0.01706949 0.01685993 0.01665198 0.01644194
 0.01622789 0.01601039 0.01578903 0.01556077 0.01532329 0.01507839
 0.01482956 0.01457675 0.01431669 0.01404988 0.01378346 0.01352511
 0.01327777 0.01304345 0.01282907 0.01263839 0.0124667  0.01230984
 0.0121648  0.01202569 0.01188838 0.01175419 0.01162668 0.01150924
 0.01140219 0.01130208 0.01120743 0.01111726 0.01102665 0.01093315
 0.01083864 0.01074223 0.01064286 0.01054369 0.01044628 0.01035066
 0.0102597  0.01017426 0.01009284 0.01001609 0.00994269 0.00987053
 0.00980095 0.00973279 0.0096676  0.00960399 0.00954454 0.00948926
 0.00943787 0.00939033 0.00935355 0.00931271 0.00928675 0.00919301
 0.00919524 0.00913678 0.00909009 0.00899787 0.00900493 0.0089037
 0.00889337 0.00883816 0.00877468 0.00876064 0.00869578 0.00865888
 0.00863148 0.00857385 0.0085412  0.00850627 0.00845487 0.00842502
 0.00839001 0.0083466  0.0083177  0.0082836  0.0082432  0.00821334
 0.00817986 0.00814286]","[0.71891494 0.65079475 0.58690703 0.52663034 0.4695064  0.41523276
 0.36367867 0.31490156 0.2691703  0.22698209 0.18902216 0.15603466
 0.12874946 0.10812499 0.095598   0.09247521 0.09792683 0.10690531
 0.1130001  0.11329586 0.10838667 0.10035294 0.09133679 0.08290725
 0.0759188  0.07062497 0.06688676 0.06437639 0.06272939 0.06163425
 0.0608605  0.060222   0.05949017 0.05836673 0.05664482 0.05439714
 0.05193118 0.04957507 0.04749963 0.045686   0.04402807 0.04246773
 0.04104964 0.03985655 0.03888415 0.03799522 0.03707814 0.03621201
 0.03556312 0.03516445 0.0348384  0.03432637 0.03352183 0.03259309
 0.03183585 0.0313668  0.03097771 0.03041649 0.02972215 0.02911225
 0.02868277 0.02832682 0.02789382 0.02734574 0.02675981 0.02622755
 0.02576735 0.02532859 0.02486526 0.02438629 0.02393469 0.02353516
 0.02316914 0.02279426 0.02238265 0.02194298 0.02151067 0.02111716
 0.02076406 0.02042296 0.02006097 0.01967249 0.01929029 0.01895866
 0.01868773 0.01844158 0.01818365 0.01792224 0.01769386 0.01750091
 0.01729039 0.01704321 0.01681193 0.01661184 0.01641068 0.01620899
 0.01603148 0.01586625 0.01569452 0.01552546 0.01535938 0.01518659
 0.01500793 0.01483021 0.01465174 0.01447683 0.01430684 0.01413533
 0.01396708 0.01380649 0.01364297 0.01347637 0.0133151  0.013153
 0.01298839 0.01282608 0.01266338 0.01250262 0.01234303 0.01218649
 0.01203494 0.01188493 0.01174248 0.01160383 0.0114701  0.01134041
 0.01121474 0.01109194 0.0109747  0.01086261 0.01075461 0.01065203
 0.01055321 0.01045707 0.01036203 0.0102666  0.0101703  0.01007393
 0.0099774  0.00988212 0.00978834 0.0096968  0.00960705 0.00951908
 0.00943279 0.00934877 0.00926741 0.00918994 0.00911661 0.00904791
 0.00898358 0.00892351 0.00886718 0.00881436 0.00876477 0.00871807
 0.00867386 0.00863157 0.00859076 0.00855065 0.008511   0.00847135
 0.00843158 0.00839161 0.00835137 0.00831095 0.00827043 0.00822994
 0.00818963 0.00814965 0.00811023 0.00807145 0.00803342 0.00799616
 0.00795968 0.00792396 0.00788897 0.00785467 0.00782098 0.00778785
 0.00775521 0.00772295 0.00769102 0.00765935 0.00762793 0.00759674
 0.00756576 0.00753499 0.00750443 0.00747407 0.00744394 0.00741404
 0.00738439 0.00735501 0.00732588 0.00729703 0.00726843 0.00724008
 0.00721198 0.00718414]","[0.70411673 0.59122116 0.48873484 0.39449985 0.30769099 0.22907993
 0.16182265 0.11303205 0.09521666 0.11539518 0.13913229 0.13720556
 0.11943044 0.10009203 0.08583673 0.07763019 0.07406353 0.07322996
 0.07346238 0.07354621 0.0727397  0.07073293 0.06760103 0.06376274
 0.05988064 0.05648316 0.05325138 0.04956891 0.04597289 0.04341873
 0.0421091  0.0416163  0.04130955 0.04052658 0.0391883  0.03792002
 0.03715872 0.03641043 0.03498681 0.03320197 0.0318403  0.03116866
 0.030825   0.0304559  0.02995406 0.02929514 0.02868239 0.02820488
 0.02766559 0.02691583 0.0260741  0.02536034 0.02484005 0.02441385
 0.02399819 0.02360336 0.0232556  0.02292703 0.02255795 0.02212448
 0.02167098 0.02127212 0.02095524 0.02067217 0.0203679  0.02004144
 0.01971259 0.0193799  0.01904032 0.01870817 0.01838634 0.01805861
 0.01773012 0.01742424 0.01712856 0.01679767 0.01642465 0.01605816
 0.01572699 0.01540143 0.01505919 0.0147123  0.01437124 0.01404022
 0.0137319  0.01345129 0.0132002  0.01296079 0.01271488 0.01250053
 0.0122517  0.01196959 0.01171224 0.01146518 0.01125053 0.01109206
 0.01095904 0.01085752 0.01075487 0.01065726 0.01052242 0.01038454
 0.01021632 0.01006419 0.00991823 0.00980795 0.00971886 0.00963893
 0.0095661  0.00947482 0.00938809 0.00930157 0.00923138 0.00916219
 0.00910477 0.00905202 0.00899698 0.00893841 0.00887852 0.00881758
 0.00875918 0.0087042  0.008657   0.00861264 0.00856985 0.00852464
 0.00847952 0.00843261 0.00838636 0.00834164 0.00829871 0.00825637
 0.00821349 0.008171   0.00812746 0.00808372 0.00803969 0.0079973
 0.00795583 0.0079152  0.00787509 0.00783462 0.00779409 0.00775403
 0.00771479 0.0076765  0.00763896 0.00760166 0.00756438 0.0075272
 0.0074902  0.00745363 0.00741757 0.00738213 0.00734713 0.00731305
 0.00728038 0.00724893 0.00721755 0.00718189 0.00714262 0.00710473
 0.00707344 0.00704622 0.00701893 0.00699505 0.00698162 0.00695263
 0.00689754 0.00685434 0.00684694 0.00681706 0.00676053 0.00673826
 0.0067184  0.00666942 0.00664317 0.00662794 0.00658997 0.00657064
 0.00656432 0.00653627 0.00648282 0.00645263 0.00645406 0.00646752
 0.00639419 0.00633182 0.0063414  0.00630067 0.00626275 0.0062448
 0.00619706 0.00619317 0.00616948 0.00611599 0.00610357 0.00607337
 0.00604906 0.00603083]","[0.79457061 0.61227929 0.45225324 0.30662879 0.17867286 0.09925893
 0.16655389 0.15569056 0.10556825 0.08091904 0.07695395 0.08125853
 0.0862365  0.08825571 0.08609005 0.07991753 0.07083957 0.06075776
 0.05233726 0.04777478 0.04589403 0.04520443 0.04437457 0.04430411
 0.04407164 0.04243548 0.0395207  0.03639224 0.03402762 0.03259501
 0.03195173 0.03133578 0.03114313 0.03151674 0.03113033 0.02980957
 0.02833444 0.02732575 0.02678021 0.02619475 0.02541241 0.02482572
 0.02468779 0.02469635 0.02435597 0.02361893 0.02286692 0.02236656
 0.02204047 0.02170099 0.02131482 0.02095919 0.0206354  0.02028552
 0.01989436 0.01948885 0.01912845 0.01885179 0.01858573 0.01819609
 0.01775187 0.01738073 0.01705854 0.01671367 0.01630538 0.01588259
 0.01554687 0.01524475 0.01487114 0.014681   0.01439058 0.01426485
 0.01391359 0.01370274 0.01333473 0.01311787 0.01278553 0.0125443
 0.01223591 0.01193707 0.01166965 0.01138401 0.01112287 0.01091071
 0.01066585 0.01051185 0.01038682 0.01029161 0.01020128 0.01002988
 0.00982067 0.00961929 0.00946971 0.00933859 0.00923183 0.00912479
 0.00903445 0.00893431 0.00881998 0.00872911 0.00862708 0.00854357
 0.00847756 0.00845063 0.00841365 0.00838199 0.00832375 0.00825235
 0.00818307 0.00813066 0.00808354 0.00802867 0.00797137 0.00791061
 0.00785331 0.00779918 0.00775137 0.00770076 0.00765618 0.00761604
 0.00758163 0.00754039 0.00749484 0.00744511 0.00740054 0.00735768
 0.00732006 0.00728343 0.00724333 0.00720891 0.00719294 0.00723906
 0.00728759 0.00720926 0.00701085 0.00712249 0.00705667 0.00693268
 0.00703206 0.00687521 0.00692342 0.00685165 0.00677657 0.00677196
 0.00667711 0.0067217  0.00662771 0.00662113 0.00655228 0.00653754
 0.00650612 0.00646523 0.00644418 0.00638397 0.00638194 0.00634965
 0.00633227 0.00628795 0.00625283 0.00619242 0.00616775 0.00613428
 0.00609543 0.00607624 0.00601583 0.00598167 0.00595436 0.00591821
 0.00589153 0.00586182 0.00586639 0.00589147 0.00582791 0.00585552
 0.0060633  0.00578735 0.00586413 0.0058762  0.00570125 0.00580234
 0.00562858 0.00569414 0.0055536  0.00558065 0.00546801 0.0054889
 0.00545776 0.00540201 0.00535621 0.00530786 0.00527859 0.00526032
 0.00523639 0.00521268 0.00518478 0.00514181 0.00508685 0.00505769
 0.00502052 0.00500915]"
